X,Y,FID,data,name,coordinate,total_slot,operative,id
24.950292890004903,60.155444793742276,1,"{""name"":""001 Kaivopuisto"",""coordinates"":""60.15544479382098,24.950292889690314"",""total_slots"":30,""free_slots"":9,""avl_bikes"":21,""operative"":true,""style"":""Station on""}",Kaivopuisto,"60.15544479382098,24.950292889690314",30,Yes,001
24.956347471358754,60.160959093887129,2,"{""name"":""002 Laivasillankatu"",""coordinates"":""60.160959094315416,24.95634747175871"",""total_slots"":12,""free_slots"":3,""avl_bikes"":13,""operative"":true,""style"":""Station on""}",Laivasillankatu,"60.160959094315416,24.95634747175871",12,Yes,002
24.944927399779715,60.158189199971673,3,"{""name"":""003 Kapteeninpuistikko"",""coordinates"":""60.1581892,24.9449274"",""total_slots"":16,""free_slots"":12,""avl_bikes"":4,""operative"":true,""style"":""Station on""}",Kapteeninpuistikko,"60.1581892,24.9449274",16,Yes,003
24.941775800312996,60.16098589997938,4,"{""name"":""004 Viiskulma"",""coordinates"":""60.1609859,24.9417758"",""total_slots"":14,""free_slots"":11,""avl_bikes"":3,""operative"":true,""style"":""Station on""}",Viiskulma,"60.1609859,24.9417758",14,Yes,004
24.93628529982675,60.157948300373846,5,"{""name"":""005 Sepänkatu"",""coordinates"":""60.1579483,24.9362853"",""total_slots"":32,""free_slots"":16,""avl_bikes"":22,""operative"":true,""style"":""Station on""}",Sepänkatu,"60.1579483,24.9362853",32,Yes,005
24.929709900391629,60.162225100108344,6,"{""name"":""006 Hietalahdentori"",""coordinates"":""60.1622251,24.9297099"",""total_slots"":24,""free_slots"":13,""avl_bikes"":11,""operative"":true,""style"":""Station on""}",Hietalahdentori,"60.1622251,24.9297099",24,Yes,006
24.945959999554361,60.163103199952786,7,"{""name"":""007 Designmuseo"",""coordinates"":""60.1631032,24.94596"",""total_slots"":14,""free_slots"":12,""avl_bikes"":2,""operative"":true,""style"":""Station on""}",Designmuseo,"60.1631032,24.94596",14,Yes,007
24.939149900447603,60.165288299815245,8,"{""name"":""008 Vanha kirkkopuisto"",""coordinates"":""60.1652883,24.9391499"",""total_slots"":24,""free_slots"":6,""avl_bikes"":21,""operative"":true,""style"":""Station on""}",Vanha kirkkopuisto,"60.1652883,24.9391499",24,Yes,008
24.944134928883898,60.166911666939939,9,"{""name"":""009 Erottajan aukio"",""coordinates"":""60.166911666820425,24.944134928807944"",""total_slots"":1,""free_slots"":1,""avl_bikes"":0,""operative"":true,""style"":""Station off""}",Erottajan aukio,"60.166911666820425,24.944134928807944",1,Yes,009
24.949472879170116,60.165017180298662,10,"{""name"":""010 Kasarmitori"",""coordinates"":""60.1650171805,24.94947287873"",""total_slots"":28,""free_slots"":18,""avl_bikes"":12,""operative"":true,""style"":""Station on""}",Kasarmitori,"60.1650171805,24.94947287873",28,Yes,010
24.951022699737848,60.167457300014462,11,"{""name"":""011 Unioninkatu"",""coordinates"":""60.1674573,24.9510227"",""total_slots"":22,""free_slots"":6,""avl_bikes"":24,""operative"":true,""style"":""Station on""}",Unioninkatu,"60.1674573,24.9510227",22,Yes,011
24.958381399681912,60.168384000121591,12,"{""name"":""012 Kanavaranta"",""coordinates"":""60.168384,24.9583814"",""total_slots"":26,""free_slots"":4,""avl_bikes"":26,""operative"":true,""style"":""Station on""}",Kanavaranta,"60.168384,24.9583814",26,Yes,012
24.975534099818901,60.167870300174286,13,"{""name"":""013 Merisotilaantori"",""coordinates"":""60.1678703,24.9755341"",""total_slots"":12,""free_slots"":3,""avl_bikes"":15,""operative"":true,""style"":""Station on""}",Merisotilaantori,"60.1678703,24.9755341",12,Yes,013
24.95264140028047,60.169127799708235,14,"{""name"":""014 Senaatintori"",""coordinates"":""60.1691278,24.9526414"",""total_slots"":22,""free_slots"":5,""avl_bikes"":18,""operative"":true,""style"":""Station on""}",Senaatintori,"60.1691278,24.9526414",22,Yes,014
24.95555819305622,60.171106645455382,15,"{""name"":""015 Ritarikatu"",""coordinates"":""60.17110664588,24.95555819284"",""total_slots"":12,""free_slots"":2,""avl_bikes"":15,""operative"":true,""style"":""Station on""}",Ritarikatu,"60.17110664588,24.95555819284",12,Yes,015
24.961374699582791,60.174182200048563,16,"{""name"":""016 Liisanpuistikko"",""coordinates"":""60.1741822,24.9613747"",""total_slots"":16,""free_slots"":8,""avl_bikes"":8,""operative"":true,""style"":""Station on""}",Liisanpuistikko,"60.1741822,24.9613747",16,Yes,016
24.94947909978066,60.173102900278707,17,"{""name"":""017 Varsapuistikko"",""coordinates"":""60.1731029,24.9494791"",""total_slots"":28,""free_slots"":4,""avl_bikes"":31,""operative"":true,""style"":""Station on""}",Varsapuistikko,"60.1731029,24.9494791",28,Yes,017
24.94814639983656,60.169862228359193,18,"{""name"":""018 Porthania"",""coordinates"":""60.16986222858,24.9481463998"",""total_slots"":21,""free_slots"":1,""avl_bikes"":30,""operative"":true,""style"":""Station on""}",Porthania,"60.16986222858,24.9481463998",21,Yes,018
24.942526799871985,60.170823600029166,19,"{""name"":""019 Rautatientori / itä"",""coordinates"":""60.1708236,24.9425268"",""total_slots"":20,""free_slots"":1,""avl_bikes"":23,""operative"":true,""style"":""Station on""}",Rautatientori / itä,"60.1708236,24.9425268",20,Yes,019
24.943301001040425,60.173198941577937,20,"{""name"":""020 Kaisaniemenpuisto"",""coordinates"":""60.17319894172505,24.943301000681707"",""total_slots"":22,""free_slots"":10,""avl_bikes"":12,""operative"":true,""style"":""Station on""}",Kaisaniemenpuisto,"60.17319894172505,24.943301000681707",22,Yes,020
24.939284000156533,60.172943499942619,21,"{""name"":""021 Töölönlahdenkatu"",""coordinates"":""60.1729435,24.939284"",""total_slots"":48,""free_slots"":19,""avl_bikes"":29,""operative"":true,""style"":""Station on""}",Töölönlahdenkatu,"60.1729435,24.939284",48,Yes,021
24.939760100348394,60.170606099891643,22,"{""name"":""022 Rautatientori / länsi"",""coordinates"":""60.1706061,24.9397601"",""total_slots"":16,""free_slots"":6,""avl_bikes"":10,""operative"":true,""style"":""Station on""}",Rautatientori / länsi,"60.1706061,24.9397601",16,Yes,022
24.937427900177511,60.171257899732325,23,"{""name"":""023 Kiasma"",""coordinates"":""60.1712579,24.9374279"",""total_slots"":30,""free_slots"":11,""avl_bikes"":22,""operative"":true,""style"":""Station on""}",Kiasma,"60.1712579,24.9374279",30,Yes,023
24.939419500109921,60.169072399671563,24,"{""name"":""024 Mannerheimintie"",""coordinates"":""60.1690724,24.9394195"",""total_slots"":20,""free_slots"":6,""avl_bikes"":23,""operative"":true,""style"":""Station on""}",Mannerheimintie,"60.1690724,24.9394195",20,Yes,024
24.93512120028322,60.170084399575444,25,"{""name"":""025 Narinkka"",""coordinates"":""60.1700844,24.9351212"",""total_slots"":40,""free_slots"":30,""avl_bikes"":10,""operative"":true,""style"":""Station on""}",Narinkka,"60.1700844,24.9351212",40,Yes,025
24.930537300056415,60.168609499728689,26,"{""name"":""026 Kampin metroasema"",""coordinates"":""60.1686095,24.9305373"",""total_slots"":32,""free_slots"":29,""avl_bikes"":3,""operative"":true,""style"":""Station on""}",Kampin metroasema,"60.1686095,24.9305373",32,Yes,026
24.935785099602697,60.167333199867358,27,"{""name"":""027 Eerikinkatu"",""coordinates"":""60.1673332,24.9357851"",""total_slots"":14,""free_slots"":11,""avl_bikes"":3,""operative"":true,""style"":""Station on""}",Eerikinkatu,"60.1673332,24.9357851",14,Yes,027
24.927021000318973,60.165812100048413,28,"{""name"":""028 Lastenlehto"",""coordinates"":""60.1658121,24.927021"",""total_slots"":16,""free_slots"":13,""avl_bikes"":3,""operative"":true,""style"":""Station on""}",Lastenlehto,"60.1658121,24.927021",16,Yes,028
24.922565800271514,60.164087999861351,29,"{""name"":""029 Baana"",""coordinates"":""60.164088,24.9225658"",""total_slots"":16,""free_slots"":16,""avl_bikes"":0,""operative"":true,""style"":""Station on""}",Baana,"60.164088,24.9225658",16,Yes,029
24.914516500136415,60.163530900430771,30,"{""name"":""030 Itämerentori"",""coordinates"":""60.1635309,24.9145165"",""total_slots"":40,""free_slots"":40,""avl_bikes"":0,""operative"":true,""style"":""Station on""}",Itämerentori,"60.1635309,24.9145165",40,Yes,030
24.922076300181175,60.16809979996583,31,"{""name"":""031 Marian Sairaala"",""coordinates"":""60.1680998,24.9220763"",""total_slots"":16,""free_slots"":16,""avl_bikes"":0,""operative"":true,""style"":""Station on""}",Marian Sairaala,"60.1680998,24.9220763",16,Yes,031
24.931223405435844,60.171870055658587,32,"{""name"":""032 Eläinmuseo"",""coordinates"":""60.171870055373205,24.931223405177413"",""total_slots"":20,""free_slots"":19,""avl_bikes"":1,""operative"":false,""style"":""Station on""}",Eläinmuseo,"60.171870055373205,24.931223405177413",20,No,032
24.924960999750397,60.171159100212378,33,"{""name"":""033 Kauppakorkeakoulu"",""coordinates"":""60.1711591,24.924961"",""total_slots"":16,""free_slots"":15,""avl_bikes"":1,""operative"":true,""style"":""Station on""}",Kauppakorkeakoulu,"60.1711591,24.924961",16,Yes,033
24.932987500272986,60.173964100063245,34,"{""name"":""034 Kansallismuseo"",""coordinates"":""60.1739641,24.9329875"",""total_slots"":16,""free_slots"":15,""avl_bikes"":1,""operative"":true,""style"":""Station on""}",Kansallismuseo,"60.1739641,24.9329875",16,Yes,034
24.928227580238683,60.174063715268289,35,"{""name"":""035 Cygnauksenkatu"",""coordinates"":""60.174063715,24.92822758053"",""total_slots"":16,""free_slots"":15,""avl_bikes"":1,""operative"":true,""style"":""Station on""}",Cygnauksenkatu,"60.174063715,24.92822758053",16,Yes,035
24.922394199732594,60.176079800142702,36,"{""name"":""036 Apollonkatu"",""coordinates"":""60.1760798,24.9223942"",""total_slots"":12,""free_slots"":5,""avl_bikes"":8,""operative"":true,""style"":""Station on""}",Apollonkatu,"60.1760798,24.9223942",12,Yes,036
24.928327199940384,60.177559800044776,37,"{""name"":""037 Töölönkatu"",""coordinates"":""60.1775598,24.9283272"",""total_slots"":18,""free_slots"":11,""avl_bikes"":7,""operative"":true,""style"":""Station on""}",Töölönkatu,"60.1775598,24.9283272",18,Yes,037
24.924911400340932,60.179123099651406,38,"{""name"":""038 Töölöntori"",""coordinates"":""60.1791231,24.9249114"",""total_slots"":16,""free_slots"":14,""avl_bikes"":2,""operative"":true,""style"":""Station on""}",Töölöntori,"60.1791231,24.9249114",16,Yes,038
24.926687000204936,60.18255289989645,39,"{""name"":""039 Ooppera"",""coordinates"":""60.1825529,24.926687"",""total_slots"":24,""free_slots"":16,""avl_bikes"":8,""operative"":true,""style"":""Station on""}",Ooppera,"60.1825529,24.926687",24,Yes,039
24.952181248665738,60.178106316253547,40,"{""name"":""040 Hakaniemen metroasema"",""coordinates"":""60.17810631604,24.95218124892"",""total_slots"":28,""free_slots"":24,""avl_bikes"":4,""operative"":true,""style"":""Station on""}",Hakaniemen metroasema,"60.17810631604,24.95218124892",28,Yes,040
24.949399999910099,60.1808630000275,41,"{""name"":""041 Ympyrätalo"",""coordinates"":""60.180863,24.9494"",""total_slots"":28,""free_slots"":16,""avl_bikes"":14,""operative"":true,""style"":""Station on""}",Ympyrätalo,"60.180863,24.9494",28,Yes,041
24.955180821337876,60.183106582802623,42,"{""name"":""042 Haapaniemenkatu"",""coordinates"":""60.18310658307554,24.95518082169317"",""total_slots"":18,""free_slots"":15,""avl_bikes"":3,""operative"":true,""style"":""Station on""}",Haapaniemenkatu,"60.18310658307554,24.95518082169317",18,Yes,042
24.952676300271094,60.184283299834476,43,"{""name"":""043 Karhupuisto"",""coordinates"":""60.1842833,24.9526763"",""total_slots"":20,""free_slots"":18,""avl_bikes"":2,""operative"":true,""style"":""Station on""}",Karhupuisto,"60.1842833,24.9526763",20,Yes,043
24.960892106285712,60.18803805391309,44,"{""name"":""044 Sörnäisten metroasema"",""coordinates"":""60.188038054266826,24.96089210621247"",""total_slots"":20,""free_slots"":6,""avl_bikes"":14,""operative"":true,""style"":""Station on""}",Sörnäisten metroasema,"60.188038054266826,24.96089210621247",20,Yes,044
24.950916800070331,60.186861800032091,45,"{""name"":""045 Brahen kenttä"",""coordinates"":""60.1868618,24.9509168"",""total_slots"":20,""free_slots"":12,""avl_bikes"":8,""operative"":true,""style"":""Station on""}",Brahen kenttä,"60.1868618,24.9509168",20,Yes,045
24.941857599948321,60.186287699817569,46,"{""name"":""046 Diakoniapuisto"",""coordinates"":""60.1862877,24.9418576"",""total_slots"":10,""free_slots"":9,""avl_bikes"":1,""operative"":true,""style"":""Station on""}",Diakoniapuisto,"60.1862877,24.9418576",10,Yes,046
24.953504666707033,60.166730718847646,47,"{""name"":""047 Vanha Kauppahalli"",""coordinates"":""60.16673071893,24.95350466638"",""total_slots"":23,""free_slots"":2,""avl_bikes"":23,""operative"":true,""style"":""Station on""}",Vanha Kauppahalli,"60.16673071893,24.95350466638",23,Yes,047
24.967486100103486,60.164754500020194,48,"{""name"":""048 Mastokatu"",""coordinates"":""60.1647545,24.9674861"",""total_slots"":16,""free_slots"":5,""avl_bikes"":17,""operative"":true,""style"":""Station on""}",Mastokatu,"60.1647545,24.9674861",16,Yes,048
24.941770842350536,60.163458942975865,49,"{""name"":""049 Annankatu"",""coordinates"":""60.16345894291,24.94177084206"",""total_slots"":16,""free_slots"":11,""avl_bikes"":5,""operative"":true,""style"":""Station on""}",Annankatu,"60.16345894291,24.94177084206",16,Yes,049
24.886109399729037,60.149812700395842,50,"{""name"":""050 Melkonkuja"",""coordinates"":""60.1498127,24.8861094"",""total_slots"":12,""free_slots"":9,""avl_bikes"":3,""operative"":true,""style"":""Station on""}",Melkonkuja,"60.1498127,24.8861094",12,Yes,050
24.881250199936801,60.150660000258881,51,"{""name"":""051 Itälahdenkatu"",""coordinates"":""60.15066,24.8812502"",""total_slots"":12,""free_slots"":9,""avl_bikes"":3,""operative"":true,""style"":""Station on""}",Itälahdenkatu,"60.15066,24.8812502",12,Yes,051
24.879315900308598,60.15407629988141,52,"{""name"":""052 Heikkilänaukio"",""coordinates"":""60.1540763,24.8793159"",""total_slots"":20,""free_slots"":19,""avl_bikes"":1,""operative"":true,""style"":""Station on""}",Heikkilänaukio,"60.1540763,24.8793159",20,Yes,052
24.88506530032339,60.156817000004594,53,"{""name"":""053 Heikkiläntie"",""coordinates"":""60.156817,24.8850653"",""total_slots"":12,""free_slots"":8,""avl_bikes"":4,""operative"":true,""style"":""Station on""}",Heikkiläntie,"60.156817,24.8850653",12,Yes,053
24.876665799686975,60.158384199970897,54,"{""name"":""054 Gyldenintie"",""coordinates"":""60.1583842,24.8766658"",""total_slots"":36,""free_slots"":27,""avl_bikes"":10,""operative"":true,""style"":""Station on""}",Gyldenintie,"60.1583842,24.8766658",36,Yes,054
24.859866268713404,60.161695961499504,55,"{""name"":""055 Puistokaari"",""coordinates"":""60.16169596138,24.85986626853"",""total_slots"":16,""free_slots"":12,""avl_bikes"":4,""operative"":true,""style"":""Station on""}",Puistokaari,"60.16169596138,24.85986626853",16,Yes,055
24.860199200432817,60.165448499648619,56,"{""name"":""056 Luoteisväylä"",""coordinates"":""60.1654485,24.8601992"",""total_slots"":12,""free_slots"":11,""avl_bikes"":1,""operative"":true,""style"":""Station on""}",Luoteisväylä,"60.1654485,24.8601992",12,Yes,056
24.881544100180122,60.160330599977272,57,"{""name"":""057 Lauttasaaren ostoskeskus"",""coordinates"":""60.1603306,24.8815441"",""total_slots"":26,""free_slots"":22,""avl_bikes"":4,""operative"":true,""style"":""Station on""}",Lauttasaaren ostoskeskus,"60.1603306,24.8815441",26,Yes,057
24.892638600091345,60.161551200327665,58,"{""name"":""058 Lauttasaarensilta"",""coordinates"":""60.1615512,24.8926386"",""total_slots"":20,""free_slots"":13,""avl_bikes"":8,""operative"":true,""style"":""Station on""}",Lauttasaarensilta,"60.1615512,24.8926386",20,Yes,058
24.900960803098656,60.164781380756153,59,"{""name"":""059 Salmisaarenranta"",""coordinates"":""60.16478138043,24.90096080349"",""total_slots"":20,""free_slots"":7,""avl_bikes"":21,""operative"":true,""style"":""Station on""}",Salmisaarenranta,"60.16478138043,24.90096080349",20,Yes,059
24.905336000356158,60.163249300215114,60,"{""name"":""060 Porkkalankatu"",""coordinates"":""60.1632493,24.905336"",""total_slots"":40,""free_slots"":21,""avl_bikes"":18,""operative"":true,""style"":""Station on""}",Porkkalankatu,"60.1632493,24.905336",40,Yes,060
24.909691999785991,60.15892760002879,61,"{""name"":""061 Länsisatamankatu"",""coordinates"":""60.1589276,24.909692"",""total_slots"":16,""free_slots"":11,""avl_bikes"":5,""operative"":true,""style"":""Station on""}",Länsisatamankatu,"60.1589276,24.909692",16,Yes,061
24.915873399937482,60.161090099928231,62,"{""name"":""062 Messitytönkatu"",""coordinates"":""60.1610901,24.9158734"",""total_slots"":18,""free_slots"":13,""avl_bikes"":5,""operative"":true,""style"":""Station on""}",Messitytönkatu,"60.1610901,24.9158734",18,Yes,062
24.921489599565405,60.161931100040306,63,"{""name"":""063 Jätkäsaarenlaituri"",""coordinates"":""60.1619311,24.9214896"",""total_slots"":24,""free_slots"":17,""avl_bikes"":7,""operative"":true,""style"":""Station on""}",Jätkäsaarenlaituri,"60.1619311,24.9214896",24,Yes,063
24.921746400076358,60.156525500051828,64,"{""name"":""064 Tyynenmerenkatu"",""coordinates"":""60.1565255,24.9217464"",""total_slots"":29,""free_slots"":17,""avl_bikes"":12,""operative"":true,""style"":""Station on""}",Tyynenmerenkatu,"60.1565255,24.9217464",29,Yes,064
24.931254066921724,60.153529682049225,65,"{""name"":""065 Hylkeenpyytäjänkatu"",""coordinates"":""60.15352968178976,24.93125406706023"",""total_slots"":30,""free_slots"":10,""avl_bikes"":22,""operative"":true,""style"":""Station on""}",Hylkeenpyytäjänkatu,"60.15352968178976,24.93125406706023",30,Yes,065
24.95912710043541,60.155308999710599,66,"{""name"":""066 Ehrenströmintie"",""coordinates"":""60.155309,24.9591271"",""total_slots"":20,""free_slots"":10,""avl_bikes"":14,""operative"":true,""style"":""Station on""}",Ehrenströmintie,"60.155309,24.9591271",20,Yes,066
24.933834286623096,60.159977250949453,67,"{""name"":""067 Perämiehenkatu"",""coordinates"":""60.15997725117,24.93383428634"",""total_slots"":16,""free_slots"":11,""avl_bikes"":5,""operative"":true,""style"":""Station on""}",Perämiehenkatu,"60.15997725117,24.93383428634",16,Yes,067
24.936817899926211,60.161835899607127,68,"{""name"":""068 Albertinkatu"",""coordinates"":""60.1618359,24.9368179"",""total_slots"":20,""free_slots"":15,""avl_bikes"":5,""operative"":true,""style"":""Station on""}",Albertinkatu,"60.1618359,24.9368179",20,Yes,068
24.931432299960704,60.165696199919751,69,"{""name"":""069 Kalevankatu"",""coordinates"":""60.1656962,24.9314323"",""total_slots"":16,""free_slots"":16,""avl_bikes"":0,""operative"":true,""style"":""Station on""}",Kalevankatu,"60.1656962,24.9314323",16,Yes,069
24.922411199617216,60.173147299808079,70,"{""name"":""070 Sammonpuistikko"",""coordinates"":""60.1731473,24.9224112"",""total_slots"":14,""free_slots"":8,""avl_bikes"":6,""operative"":true,""style"":""Station on""}",Sammonpuistikko,"60.1731473,24.9224112",14,Yes,070
24.911279648537004,60.172611545786253,71,"{""name"":""071 Hietaniemenkatu"",""coordinates"":""60.17261154618,24.91127964812"",""total_slots"":24,""free_slots"":22,""avl_bikes"":2,""operative"":true,""style"":""Station on""}",Hietaniemenkatu,"60.17261154618,24.91127964812",24,Yes,071
24.915662751734658,60.175587873681479,72,"{""name"":""072 Eteläinen Hesperiankatu"",""coordinates"":""60.17558787407832,24.915662751685453"",""total_slots"":1,""free_slots"":1,""avl_bikes"":0,""operative"":false,""style"":""Station off""}",Eteläinen Hesperiankatu,"60.17558787407832,24.915662751685453",1,No,072
24.913250400385721,60.179296700282521,73,"{""name"":""073 Kesäkatu"",""coordinates"":""60.1792967,24.9132504"",""total_slots"":14,""free_slots"":7,""avl_bikes"":7,""operative"":true,""style"":""Station on""}",Kesäkatu,"60.1792967,24.9132504",14,Yes,073
24.911127000310842,60.183136999672854,74,"{""name"":""074 Rajasaarentie"",""coordinates"":""60.183137,24.911127"",""total_slots"":16,""free_slots"":12,""avl_bikes"":4,""operative"":true,""style"":""Station on""}",Rajasaarentie,"60.183137,24.911127",16,Yes,074
24.919837099802351,60.183867699734606,75,"{""name"":""075 Korjaamo"",""coordinates"":""60.1838677,24.9198371"",""total_slots"":25,""free_slots"":21,""avl_bikes"":4,""operative"":true,""style"":""Station on""}",Korjaamo,"60.1838677,24.9198371",25,Yes,075
24.924974100174609,60.184505499829015,76,"{""name"":""076 Olympiastadion"",""coordinates"":""60.1845055,24.9249741"",""total_slots"":20,""free_slots"":10,""avl_bikes"":10,""operative"":true,""style"":""Station on""}",Olympiastadion,"60.1845055,24.9249741",20,Yes,076
24.917249841107321,60.185236329393149,77,"{""name"":""077 Nordenskiöldinaukio"",""coordinates"":""60.18523632967096,24.91724984112588"",""total_slots"":16,""free_slots"":14,""avl_bikes"":2,""operative"":true,""style"":""Station on""}",Nordenskiöldinaukio,"60.18523632967096,24.91724984112588",16,Yes,077
24.918010199910839,60.18783520013443,78,"{""name"":""078 Messeniuksenkatu"",""coordinates"":""60.1878352,24.9180102"",""total_slots"":24,""free_slots"":22,""avl_bikes"":2,""operative"":true,""style"":""Station on""}",Messeniuksenkatu,"60.1878352,24.9180102",24,Yes,078
24.929228600319675,60.189217200013843,79,"{""name"":""079 Uimastadion"",""coordinates"":""60.1892172,24.9292286"",""total_slots"":18,""free_slots"":18,""avl_bikes"":0,""operative"":true,""style"":""Station on""}",Uimastadion,"60.1892172,24.9292286",18,Yes,079
24.920597800348276,60.189402499925507,80,"{""name"":""080 Jäähalli"",""coordinates"":""60.1894025,24.9205978"",""total_slots"":22,""free_slots"":16,""avl_bikes"":6,""operative"":false,""style"":""Station on""}",Jäähalli,"60.1894025,24.9205978",22,No,080
24.912371699794164,60.188309099685284,81,"{""name"":""081 Stenbäckinkatu"",""coordinates"":""60.1883091,24.9123717"",""total_slots"":18,""free_slots"":17,""avl_bikes"":1,""operative"":true,""style"":""Station on""}",Stenbäckinkatu,"60.1883091,24.9123717",18,Yes,081
24.912827135364068,60.190956932216693,82,"{""name"":""082 Töölöntulli"",""coordinates"":""60.19095693226663,24.912827135427882"",""total_slots"":16,""free_slots"":13,""avl_bikes"":3,""operative"":true,""style"":""Station on""}",Töölöntulli,"60.19095693226663,24.912827135427882",16,Yes,082
24.908335099984924,60.190219499830107,83,"{""name"":""083 Meilahden sairaala"",""coordinates"":""60.1902195,24.9083351"",""total_slots"":28,""free_slots"":28,""avl_bikes"":0,""operative"":true,""style"":""Station on""}",Meilahden sairaala,"60.1902195,24.9083351",28,Yes,083
24.899910050508481,60.191202155754922,84,"{""name"":""084 Paciuksenkatu"",""coordinates"":""60.19120215596817,24.899910050364525"",""total_slots"":14,""free_slots"":11,""avl_bikes"":3,""operative"":true,""style"":""Station on""}",Paciuksenkatu,"60.19120215596817,24.899910050364525",14,Yes,084
24.905888999777574,60.19346960024194,85,"{""name"":""085 Jalavatie"",""coordinates"":""60.1934696,24.905889"",""total_slots"":16,""free_slots"":11,""avl_bikes"":5,""operative"":true,""style"":""Station on""}",Jalavatie,"60.1934696,24.905889",16,Yes,085
24.901899699811338,60.195245200105944,86,"{""name"":""086 Kuusitie"",""coordinates"":""60.1952452,24.9018997"",""total_slots"":24,""free_slots"":20,""avl_bikes"":4,""operative"":true,""style"":""Station on""}",Kuusitie,"60.1952452,24.9018997",24,Yes,086
24.955975931743922,60.188275217727153,87,"{""name"":""087 Kustaankatu"",""coordinates"":""60.1882752174,24.95597593163"",""total_slots"":20,""free_slots"":16,""avl_bikes"":4,""operative"":true,""style"":""Station on""}",Kustaankatu,"60.1882752174,24.95597593163",20,Yes,087
24.901299700021184,60.198940199630556,88,"{""name"":""088 Kiskontie"",""coordinates"":""60.1989402,24.9012997"",""total_slots"":20,""free_slots"":18,""avl_bikes"":2,""operative"":true,""style"":""Station on""}",Kiskontie,"60.1989402,24.9012997",20,Yes,088
24.899260999895262,60.197532900023361,89,"{""name"":""089 Tilkanvierto"",""coordinates"":""60.1975329,24.899261"",""total_slots"":16,""free_slots"":14,""avl_bikes"":2,""operative"":true,""style"":""Station on""}",Tilkanvierto,"60.1975329,24.899261",16,Yes,089
24.891117899571441,60.194447499652426,90,"{""name"":""090 Paciuksenkaari"",""coordinates"":""60.1944475,24.8911179"",""total_slots"":20,""free_slots"":10,""avl_bikes"":10,""operative"":true,""style"":""Station on""}",Paciuksenkaari,"60.1944475,24.8911179",20,Yes,090
24.884736199715917,60.188399000413597,91,"{""name"":""091 Seurasaari"",""coordinates"":""60.188399,24.8847362"",""total_slots"":22,""free_slots"":20,""avl_bikes"":2,""operative"":true,""style"":""Station on""}",Seurasaari,"60.188399,24.8847362",22,Yes,091
24.879221442715448,60.192630583134985,92,"{""name"":""092 Saunalahdentie"",""coordinates"":""60.1926305828,24.87922144235"",""total_slots"":8,""free_slots"":3,""avl_bikes"":8,""operative"":true,""style"":""Station on""}",Saunalahdentie,"60.1926305828,24.87922144235",8,Yes,092
24.871396300398999,60.194835799932264,93,"{""name"":""093 Torpanranta"",""coordinates"":""60.1948358,24.8713963"",""total_slots"":16,""free_slots"":4,""avl_bikes"":16,""operative"":true,""style"":""Station on""}",Torpanranta,"60.1948358,24.8713963",16,Yes,093
24.876221716259238,60.197930907585373,94,"{""name"":""094 Laajalahden aukio"",""coordinates"":""60.19793090756802,24.876221716500662"",""total_slots"":16,""free_slots"":9,""avl_bikes"":7,""operative"":true,""style"":""Station on""}",Laajalahden aukio,"60.19793090756802,24.876221716500662",16,Yes,094
24.88409169967224,60.196719599929622,95,"{""name"":""095 Munkkiniemen aukio"",""coordinates"":""60.1967196,24.8840917"",""total_slots"":18,""free_slots"":8,""avl_bikes"":10,""operative"":true,""style"":""Station on""}",Munkkiniemen aukio,"60.1967196,24.8840917",18,Yes,095
24.883620900084509,60.199665299613969,96,"{""name"":""096 Huopalahdentie"",""coordinates"":""60.1996653,24.8836209"",""total_slots"":14,""free_slots"":9,""avl_bikes"":6,""operative"":true,""style"":""Station on""}",Huopalahdentie,"60.1996653,24.8836209",14,Yes,096
24.870883300124262,60.203880299736113,97,"{""name"":""098 Ulvilantie"",""coordinates"":""60.2038803,24.8708833"",""total_slots"":12,""free_slots"":6,""avl_bikes"":6,""operative"":true,""style"":""Station on""}",Ulvilantie,"60.2038803,24.8708833",12,Yes,098
24.85595440037531,60.207119299815872,98,"{""name"":""099 Muusantori"",""coordinates"":""60.2071193,24.8559544"",""total_slots"":12,""free_slots"":6,""avl_bikes"":6,""operative"":true,""style"":""Station on""}",Muusantori,"60.2071193,24.8559544",12,Yes,099
24.868739477345059,60.20969562545281,99,"{""name"":""100 Teljäntie"",""coordinates"":""60.20969562580255,24.868739477207995"",""total_slots"":12,""free_slots"":5,""avl_bikes"":7,""operative"":true,""style"":""Station on""}",Teljäntie,"60.20969562580255,24.868739477207995",12,Yes,100
24.879829100232826,60.20599459957117,100,"{""name"":""101 Munkkivuoren ostoskeskus"",""coordinates"":""60.2059946,24.8798291"",""total_slots"":1,""free_slots"":1,""avl_bikes"":0,""operative"":true,""style"":""Station off""}",Munkkivuoren ostoskeskus,"60.2059946,24.8798291",1,Yes,101
24.889520899669833,60.208924999988824,101,"{""name"":""103 Vihdintie"",""coordinates"":""60.208925,24.8895209"",""total_slots"":16,""free_slots"":13,""avl_bikes"":3,""operative"":true,""style"":""Station on""}",Vihdintie,"60.208925,24.8895209",16,Yes,103
24.891681699850608,60.205678499563135,102,"{""name"":""104 Kriikunakuja"",""coordinates"":""60.2056785,24.8916817"",""total_slots"":16,""free_slots"":10,""avl_bikes"":6,""operative"":true,""style"":""Station on""}",Kriikunakuja,"60.2056785,24.8916817",16,Yes,104
24.893476100042051,60.202839199569439,103,"{""name"":""105 Tilkantori"",""coordinates"":""60.2028392,24.8934761"",""total_slots"":16,""free_slots"":3,""avl_bikes"":17,""operative"":true,""style"":""Station on""}",Tilkantori,"60.2028392,24.8934761",16,Yes,105
24.898929700445365,60.203473500401799,104,"{""name"":""106 Korppaanmäentie"",""coordinates"":""60.2034735,24.8989297"",""total_slots"":16,""free_slots"":15,""avl_bikes"":1,""operative"":true,""style"":""Station on""}",Korppaanmäentie,"60.2034735,24.8989297",16,Yes,106
24.905460900000605,60.202439299833884,105,"{""name"":""107 Tenholantie"",""coordinates"":""60.2024393,24.9054609"",""total_slots"":18,""free_slots"":18,""avl_bikes"":0,""operative"":true,""style"":""Station on""}",Tenholantie,"60.2024393,24.9054609",18,Yes,107
24.917949289727972,60.204443899466469,106,"{""name"":""108 Radiokatu"",""coordinates"":""60.20444389917,24.91794928954"",""total_slots"":14,""free_slots"":14,""avl_bikes"":0,""operative"":true,""style"":""Station on""}",Radiokatu,"60.20444389917,24.91794928954",14,Yes,108
24.922630033449309,60.202327516801518,107,"{""name"":""109 Hertanmäenkatu"",""coordinates"":""60.20232751643,24.9226300335"",""total_slots"":20,""free_slots"":20,""avl_bikes"":0,""operative"":true,""style"":""Station on""}",Hertanmäenkatu,"60.20232751643,24.9226300335",20,Yes,109
24.924865320877927,60.198906713374186,108,"{""name"":""110 Maistraatintori"",""coordinates"":""60.19890671373,24.92486532113"",""total_slots"":20,""free_slots"":20,""avl_bikes"":0,""operative"":true,""style"":""Station on""}",Maistraatintori,"60.19890671373,24.92486532113",20,Yes,110
24.926780800393658,60.197572400046283,109,"{""name"":""111 Esterinportti"",""coordinates"":""60.1975724,24.9267808"",""total_slots"":20,""free_slots"":20,""avl_bikes"":0,""operative"":true,""style"":""Station on""}",Esterinportti,"60.1975724,24.9267808",20,Yes,111
24.933272099727674,60.201438199713209,110,"{""name"":""112 Rautatieläisenkatu"",""coordinates"":""60.2014382,24.9332721"",""total_slots"":22,""free_slots"":10,""avl_bikes"":12,""operative"":true,""style"":""Station on""}",Rautatieläisenkatu,"60.2014382,24.9332721",22,Yes,112
24.935203684302621,60.199709414058248,111,"{""name"":""113 Veturitori"",""coordinates"":""60.19970941415,24.93520368471"",""total_slots"":1,""free_slots"":1,""avl_bikes"":0,""operative"":true,""style"":""Station off""}",Veturitori,"60.19970941415,24.93520368471",1,Yes,113
24.935886835409178,60.197013845512629,112,"{""name"":""114 Ratapihantie"",""coordinates"":""60.19701384571,24.93588683501"",""total_slots"":24,""free_slots"":19,""avl_bikes"":5,""operative"":true,""style"":""Station on""}",Ratapihantie,"60.19701384571,24.93588683501",24,Yes,114
24.941577999824858,60.194209500368174,113,"{""name"":""115 Venttiilikuja"",""coordinates"":""60.1942095,24.941578"",""total_slots"":17,""free_slots"":11,""avl_bikes"":6,""operative"":true,""style"":""Station on""}",Venttiilikuja,"60.1942095,24.941578",17,Yes,115
24.940159300411437,60.191141099881918,114,"{""name"":""116 Linnanmäki"",""coordinates"":""60.1911411,24.9401593"",""total_slots"":32,""free_slots"":32,""avl_bikes"":0,""operative"":true,""style"":""Station on""}",Linnanmäki,"60.1911411,24.9401593",32,Yes,116
24.948102399606114,60.189670600417912,115,"{""name"":""117 Brahen puistikko"",""coordinates"":""60.1896706,24.9481024"",""total_slots"":12,""free_slots"":5,""avl_bikes"":7,""operative"":true,""style"":""Station on""}",Brahen puistikko,"60.1896706,24.9481024",12,Yes,117
24.952160100208516,60.189541699689755,116,"{""name"":""118 Fleminginkatu"",""coordinates"":""60.1895417,24.9521601"",""total_slots"":22,""free_slots"":20,""avl_bikes"":2,""operative"":true,""style"":""Station on""}",Fleminginkatu,"60.1895417,24.9521601",22,Yes,118
24.956872900264159,60.190709599768297,117,"{""name"":""119 Gebhardinaukio"",""coordinates"":""60.1907096,24.9568729"",""total_slots"":20,""free_slots"":7,""avl_bikes"":13,""operative"":true,""style"":""Station on""}",Gebhardinaukio,"60.1907096,24.9568729",20,Yes,119
24.963559599795758,60.189635200404211,118,"{""name"":""120 Mäkelänkatu"",""coordinates"":""60.1896352,24.9635596"",""total_slots"":28,""free_slots"":25,""avl_bikes"":3,""operative"":true,""style"":""Station on""}",Mäkelänkatu,"60.1896352,24.9635596",28,Yes,120
24.967871800443277,60.186463299641616,119,"{""name"":""121 Vilhonvuorenkatu"",""coordinates"":""60.1864633,24.9678718"",""total_slots"":16,""free_slots"":7,""avl_bikes"":11,""operative"":true,""style"":""Station on""}",Vilhonvuorenkatu,"60.1864633,24.9678718",16,Yes,121
24.962193599754869,60.183718200034946,120,"{""name"":""122 Lintulahdenkatu"",""coordinates"":""60.1837182,24.9621936"",""total_slots"":17,""free_slots"":1,""avl_bikes"":26,""operative"":true,""style"":""Station on""}",Lintulahdenkatu,"60.1837182,24.9621936",17,Yes,122
24.955461800122009,60.17976499975498,121,"{""name"":""123 Näkinsilta"",""coordinates"":""60.179765,24.9554618"",""total_slots"":24,""free_slots"":19,""avl_bikes"":5,""operative"":true,""style"":""Station on""}",Näkinsilta,"60.179765,24.9554618",24,Yes,123
24.981792606043996,60.182651820824901,122,"{""name"":""124 Isoisänsilta"",""coordinates"":""60.18265182058,24.98179260578"",""total_slots"":18,""free_slots"":13,""avl_bikes"":7,""operative"":true,""style"":""Station on""}",Isoisänsilta,"60.18265182058,24.98179260578",18,Yes,124
24.978647989812941,60.18479903404824,123,"{""name"":""125 Arielinkatu"",""coordinates"":""60.18479903388,24.97864799006"",""total_slots"":20,""free_slots"":9,""avl_bikes"":11,""operative"":true,""style"":""Station on""}",Arielinkatu,"60.18479903388,24.97864799006",20,Yes,125
24.977068399886775,60.18755649033983,124,"{""name"":""126 Kalasataman metroasema"",""coordinates"":""60.18755649,24.9770684"",""total_slots"":28,""free_slots"":7,""avl_bikes"":31,""operative"":true,""style"":""Station on""}",Kalasataman metroasema,"60.18755649,24.9770684",28,Yes,126
24.971192600158417,60.18969940030712,125,"{""name"":""127 Teurastamo"",""coordinates"":""60.1896994,24.9711926"",""total_slots"":20,""free_slots"":4,""avl_bikes"":18,""operative"":true,""style"":""Station on""}",Teurastamo,"60.1896994,24.9711926",20,Yes,127
24.96422380038814,60.19205759987841,126,"{""name"":""128 Päijänteentie"",""coordinates"":""60.1920576,24.9642238"",""total_slots"":15,""free_slots"":13,""avl_bikes"":2,""operative"":true,""style"":""Station on""}",Päijänteentie,"60.1920576,24.9642238",15,Yes,128
24.957993100301394,60.194234200248218,127,"{""name"":""129 Pernajantie"",""coordinates"":""60.1942342,24.9579931"",""total_slots"":20,""free_slots"":19,""avl_bikes"":1,""operative"":true,""style"":""Station on""}",Pernajantie,"60.1942342,24.9579931",20,Yes,129
24.948752399903356,60.193486000278767,128,"{""name"":""130 Teollisuuskatu"",""coordinates"":""60.193486,24.9487524"",""total_slots"":25,""free_slots"":22,""avl_bikes"":3,""operative"":true,""style"":""Station on""}",Teollisuuskatu,"60.193486,24.9487524",25,Yes,130
24.947618600318208,60.196262700263446,129,"{""name"":""131 Elimäenkatu"",""coordinates"":""60.1962627,24.9476186"",""total_slots"":24,""free_slots"":20,""avl_bikes"":4,""operative"":true,""style"":""Station on""}",Elimäenkatu,"60.1962627,24.9476186",24,Yes,131
24.954533899419971,60.195884798844418,130,"{""name"":""132 Hollolantie"",""coordinates"":""60.19588479865,24.95453389981"",""total_slots"":12,""free_slots"":12,""avl_bikes"":0,""operative"":true,""style"":""Station on""}",Hollolantie,"60.19588479865,24.95453389981",12,Yes,132
24.961438500186659,60.197488600318707,131,"{""name"":""133 Paavalinpuisto"",""coordinates"":""60.1974886,24.9614385"",""total_slots"":22,""free_slots"":5,""avl_bikes"":17,""operative"":true,""style"":""Station on""}",Paavalinpuisto,"60.1974886,24.9614385",22,Yes,133
24.967670800167355,60.19853140020399,132,"{""name"":""134 Haukilahdenkatu"",""coordinates"":""60.1985314,24.9676708"",""total_slots"":19,""free_slots"":15,""avl_bikes"":4,""operative"":true,""style"":""Station on""}",Haukilahdenkatu,"60.1985314,24.9676708",19,Yes,134
24.944050600354956,60.201061399963692,133,"{""name"":""135 Velodrominrinne"",""coordinates"":""60.2010614,24.9440506"",""total_slots"":12,""free_slots"":9,""avl_bikes"":3,""operative"":true,""style"":""Station on""}",Velodrominrinne,"60.2010614,24.9440506",12,Yes,135
24.951363600349907,60.203272099927517,134,"{""name"":""136 Sofianlehdonkatu"",""coordinates"":""60.2032721,24.9513636"",""total_slots"":12,""free_slots"":10,""avl_bikes"":2,""operative"":true,""style"":""Station on""}",Sofianlehdonkatu,"60.2032721,24.9513636",12,Yes,136
24.966612799940833,60.202791200053866,135,"{""name"":""137 Arabian kauppakeskus"",""coordinates"":""60.2027912,24.9666128"",""total_slots"":26,""free_slots"":14,""avl_bikes"":14,""operative"":true,""style"":""Station on""}",Arabian kauppakeskus,"60.2027912,24.9666128",26,Yes,137
24.977079011886929,60.206491564933856,136,"{""name"":""138 Arabiankatu"",""coordinates"":""60.20649156514502,24.977079011778606"",""total_slots"":14,""free_slots"":7,""avl_bikes"":8,""operative"":true,""style"":""Station on""}",Arabiankatu,"60.20649156514502,24.977079011778606",14,Yes,138
24.976563179647087,60.21003424088758,137,"{""name"":""139 Kaironkatu"",""coordinates"":""60.21003424069,24.97656317933"",""total_slots"":16,""free_slots"":15,""avl_bikes"":1,""operative"":true,""style"":""Station on""}",Kaironkatu,"60.21003424069,24.97656317933",16,Yes,139
24.979728300420788,60.213700700427012,138,"{""name"":""140 Verkatehtaanpuisto"",""coordinates"":""60.2137007,24.9797283"",""total_slots"":14,""free_slots"":14,""avl_bikes"":0,""operative"":true,""style"":""Station on""}",Verkatehtaanpuisto,"60.2137007,24.9797283",14,Yes,140
24.967638299567909,60.207858199896066,139,"{""name"":""141 Intiankatu"",""coordinates"":""60.2078582,24.9676383"",""total_slots"":16,""free_slots"":13,""avl_bikes"":5,""operative"":true,""style"":""Station off""}",Intiankatu,"60.2078582,24.9676383",16,Yes,141
24.946513900096477,60.208748999966417,140,"{""name"":""142 Koskelantie"",""coordinates"":""60.208749,24.9465139"",""total_slots"":14,""free_slots"":8,""avl_bikes"":6,""operative"":true,""style"":""Station on""}",Koskelantie,"60.208749,24.9465139",14,Yes,142
24.869306052932075,60.157085600520077,141,"{""name"":""143 Kuikkarinne"",""coordinates"":""60.15708560052,24.86930605276"",""total_slots"":12,""free_slots"":11,""avl_bikes"":1,""operative"":true,""style"":""Station on""}",Kuikkarinne,"60.15708560052,24.86930605276",12,Yes,143
24.958810799878563,60.213904299743717,142,"{""name"":""144 Käpyläntie"",""coordinates"":""60.2139043,24.9588108"",""total_slots"":14,""free_slots"":11,""avl_bikes"":3,""operative"":true,""style"":""Station on""}",Käpyläntie,"60.2139043,24.9588108",14,Yes,144
24.943796399784048,60.213420999579512,143,"{""name"":""145 Pohjolankatu"",""coordinates"":""60.213421,24.9437964"",""total_slots"":12,""free_slots"":9,""avl_bikes"":3,""operative"":true,""style"":""Station on""}",Pohjolankatu,"60.213421,24.9437964",12,Yes,145
24.954411200416644,60.217204299938544,144,"{""name"":""146 Pohjolanaukio"",""coordinates"":""60.2172043,24.9544112"",""total_slots"":16,""free_slots"":1,""avl_bikes"":21,""operative"":true,""style"":""Station on""}",Pohjolanaukio,"60.2172043,24.9544112",16,Yes,146
24.947929024704763,60.220805709715762,145,"{""name"":""147 Käpylän asema"",""coordinates"":""60.2208057097763,24.9479290250383"",""total_slots"":18,""free_slots"":15,""avl_bikes"":3,""operative"":true,""style"":""Station off""}",Käpylän asema,"60.2208057097763,24.9479290250383",18,Yes,147
24.966461899996716,60.218442699670902,146,"{""name"":""148 Juhana Herttuan tie"",""coordinates"":""60.2184427,24.9664619"",""total_slots"":16,""free_slots"":15,""avl_bikes"":1,""operative"":true,""style"":""Station on""}",Juhana Herttuan tie,"60.2184427,24.9664619",16,Yes,148
24.94419490017458,60.183164000018621,147,"{""name"":""149 Toinen linja"",""coordinates"":""60.183164,24.9441949"",""total_slots"":22,""free_slots"":19,""avl_bikes"":3,""operative"":true,""style"":""Station on""}",Toinen linja,"60.183164,24.9441949",22,Yes,149
24.933870100324896,60.176679299909836,148,"{""name"":""150 Töölönlahden puisto"",""coordinates"":""60.1766793,24.9338701"",""total_slots"":28,""free_slots"":5,""avl_bikes"":29,""operative"":true,""style"":""Station on""}",Töölönlahden puisto,"60.1766793,24.9338701",28,Yes,150
24.947465819891704,60.167230830938138,149,"{""name"":""161 Eteläesplanadi"",""coordinates"":""60.16723083051,24.94746581951"",""total_slots"":34,""free_slots"":6,""avl_bikes"":28,""operative"":true,""style"":""Station on""}",Eteläesplanadi,"60.16723083051,24.94746581951",34,Yes,161
24.926590497553491,60.169573431768526,150,"{""name"":""162 Leppäsuonaukio"",""coordinates"":""60.16957343209,24.92659049777"",""total_slots"":1,""free_slots"":1,""avl_bikes"":0,""operative"":true,""style"":""Station off""}",Leppäsuonaukio,"60.16957343209,24.92659049777",1,Yes,162
24.850536771055204,60.181472577597447,151,"{""name"":""163 Lehtisaarentie"",""coordinates"":""60.18147257752,24.85053677106"",""total_slots"":12,""free_slots"":0,""avl_bikes"":20,""operative"":true,""style"":""Station on""}",Lehtisaarentie,"60.18147257752,24.85053677106",12,Yes,163
24.9158626674282,60.150395628355625,152,"{""name"":""200 Länsiterminaali"",""coordinates"":""60.150395628620245,24.915862667368163"",""total_slots"":1,""free_slots"":1,""avl_bikes"":0,""operative"":true,""style"":""Station off""}",Länsiterminaali,"60.150395628620245,24.915862667368163",1,Yes,200
24.912200440098275,60.156931913577012,153,"{""name"":""201 Länsisatamankuja"",""coordinates"":""60.15693191359567,24.912200440174857"",""total_slots"":1,""free_slots"":1,""avl_bikes"":0,""operative"":true,""style"":""Station off""}",Länsisatamankuja,"60.15693191359567,24.912200440174857",1,Yes,201
24.958452214997749,60.178065928599779,154,"{""name"":""202 Merihaka"",""coordinates"":""60.17806592826971,24.958452215046275"",""total_slots"":16,""free_slots"":11,""avl_bikes"":5,""operative"":true,""style"":""Station on""}",Merihaka,"60.17806592826971,24.958452215046275",16,Yes,202
24.937826370890377,60.199235425474569,155,"{""name"":""203 Opastinsilta"",""coordinates"":""60.199235425819,24.937826370875783"",""total_slots"":1,""free_slots"":1,""avl_bikes"":0,""operative"":true,""style"":""Station off""}",Opastinsilta,"60.199235425819,24.937826370875783",1,Yes,203
24.962367446800272,60.205674609095979,156,"{""name"":""204 A.I. Virtasen aukio"",""coordinates"":""60.205674609517686,24.962367446681693"",""total_slots"":1,""free_slots"":1,""avl_bikes"":0,""operative"":true,""style"":""Station off""}",A.I. Virtasen aukio,"60.205674609517686,24.962367446681693",1,Yes,204
24.922219888637017,60.206626438059743,157,"{""name"":""205 Ilmalan asema"",""coordinates"":""60.206626437691405,24.922219888430064"",""total_slots"":1,""free_slots"":1,""avl_bikes"":0,""operative"":true,""style"":""Station off""}",Ilmalan asema,"60.206626437691405,24.922219888430064",1,Yes,205
24.898667890710612,60.207679959662471,158,"{""name"":""206 Ruskeasuon varikko"",""coordinates"":""60.20767995961701,24.898667890628126"",""total_slots"":5,""free_slots"":4,""avl_bikes"":1,""operative"":true,""style"":""Station on""}",Ruskeasuon varikko,"60.20767995961701,24.898667890628126",5,Yes,206
24.88166025391763,60.211075296088097,159,"{""name"":""207 Vanha Viertotie"",""coordinates"":""60.211075296273414,24.881660254358646"",""total_slots"":1,""free_slots"":1,""avl_bikes"":0,""operative"":true,""style"":""Station off""}",Vanha Viertotie,"60.211075296273414,24.881660254358646",1,Yes,207
24.876464793115758,60.215922235422909,160,"{""name"":""208 Valimotie"",""coordinates"":""60.215922235436786,24.87646479282845"",""total_slots"":1,""free_slots"":1,""avl_bikes"":0,""operative"":true,""style"":""Station off""}",Valimotie,"60.215922235436786,24.87646479282845",1,Yes,208
24.87053957204364,60.217854542153475,161,"{""name"":""209 Takomotie"",""coordinates"":""60.21785454213256,24.870539572354964"",""total_slots"":1,""free_slots"":1,""avl_bikes"":0,""operative"":true,""style"":""Station off""}",Takomotie,"60.21785454213256,24.870539572354964",1,Yes,209
24.855667954612443,60.218807357673484,162,"{""name"":""210 Pajamäki"",""coordinates"":""60.218807358014985,24.85566795479381"",""total_slots"":1,""free_slots"":1,""avl_bikes"":0,""operative"":true,""style"":""Station off""}",Pajamäki,"60.218807358014985,24.85566795479381",1,Yes,210
24.899551136475793,60.212275240809788,163,"{""name"":""211 Haagan tori"",""coordinates"":""60.21227524113252,24.899551136356806"",""total_slots"":1,""free_slots"":1,""avl_bikes"":0,""operative"":true,""style"":""Station off""}",Haagan tori,"60.21227524113252,24.899551136356806",1,Yes,211
24.899543695485193,60.216616537223445,164,"{""name"":""212 Tunnelitie"",""coordinates"":""60.21661653745581,24.89954369574049"",""total_slots"":1,""free_slots"":1,""avl_bikes"":0,""operative"":true,""style"":""Station off""}",Tunnelitie,"60.21661653745581,24.89954369574049",1,Yes,212
24.895059343913658,60.218088561038314,165,"{""name"":""213 Huopalahden asema"",""coordinates"":""60.218088561019165,24.89505934373838"",""total_slots"":1,""free_slots"":1,""avl_bikes"":0,""operative"":true,""style"":""Station off""}",Huopalahden asema,"60.218088561019165,24.89505934373838",1,Yes,213
24.875870912312791,60.222294278358333,166,"{""name"":""214 Valimon asema"",""coordinates"":""60.22229427877046,24.875870912746144"",""total_slots"":1,""free_slots"":1,""avl_bikes"":0,""operative"":true,""style"":""Station off""}",Valimon asema,"60.22229427877046,24.875870912746144",1,Yes,214
24.85863812484962,60.224314287874165,167,"{""name"":""215 Pitäjänmäen asema"",""coordinates"":""60.22431428805152,24.85863812462164"",""total_slots"":1,""free_slots"":1,""avl_bikes"":0,""operative"":true,""style"":""Station off""}",Pitäjänmäen asema,"60.22431428805152,24.85863812462164",1,Yes,215
24.853540959048075,60.226769961364653,168,"{""name"":""216 Jännetie"",""coordinates"":""60.226769960915966,24.85354095884256"",""total_slots"":1,""free_slots"":1,""avl_bikes"":0,""operative"":true,""style"":""Station off""}",Jännetie,"60.226769960915966,24.85354095884256",1,Yes,216
24.873227365050923,60.227143233973152,169,"{""name"":""217 Marttila"",""coordinates"":""60.227143233822176,24.873227365442304"",""total_slots"":1,""free_slots"":1,""avl_bikes"":0,""operative"":true,""style"":""Station off""}",Marttila,"60.227143233822176,24.873227365442304",1,Yes,217
24.883128845020224,60.230151499492138,170,"{""name"":""218 Pohjois-Haagan asema"",""coordinates"":""60.230151499496536,24.88312884546424"",""total_slots"":1,""free_slots"":1,""avl_bikes"":0,""operative"":true,""style"":""Station off""}",Pohjois-Haagan asema,"60.230151499496536,24.88312884546424",1,Yes,218
24.88743455526054,60.232852137516204,171,"{""name"":""219 Näyttelijäntie"",""coordinates"":""60.23285213757895,24.887434554817386"",""total_slots"":1,""free_slots"":1,""avl_bikes"":0,""operative"":true,""style"":""Station off""}",Näyttelijäntie,"60.23285213757895,24.887434554817386",1,Yes,219
24.89201140929913,60.229408823158735,172,"{""name"":""220 Ida Aalbergin tie"",""coordinates"":""60.229408823326075,24.892011409257975"",""total_slots"":1,""free_slots"":1,""avl_bikes"":0,""operative"":true,""style"":""Station off""}",Ida Aalbergin tie,"60.229408823326075,24.892011409257975",1,Yes,220
24.894792650860211,60.225340523146656,173,"{""name"":""221 Thalianaukio"",""coordinates"":""60.22534052315868,24.894792651160333"",""total_slots"":1,""free_slots"":1,""avl_bikes"":0,""operative"":true,""style"":""Station off""}",Thalianaukio,"60.22534052315868,24.894792651160333",1,Yes,221
24.903286646861318,60.221975535242791,174,"{""name"":""222 Huovitie"",""coordinates"":""60.22197553556329,24.903286646676616"",""total_slots"":1,""free_slots"":1,""avl_bikes"":0,""operative"":true,""style"":""Station off""}",Huovitie,"60.22197553556329,24.903286646676616",1,Yes,222
24.906443562220659,60.227469399193467,175,"{""name"":""223 Hämeenlinnanväylä"",""coordinates"":""60.22746939884859,24.906443561905945"",""total_slots"":1,""free_slots"":1,""avl_bikes"":0,""operative"":true,""style"":""Station off""}",Hämeenlinnanväylä,"60.22746939884859,24.906443561905945",1,Yes,223
24.926564764352463,60.227942367945957,176,"{""name"":""224 Vesakkotie"",""coordinates"":""60.22794236805671,24.926564764263762"",""total_slots"":1,""free_slots"":1,""avl_bikes"":0,""operative"":true,""style"":""Station off""}",Vesakkotie,"60.22794236805671,24.926564764263762",1,Yes,224
24.935048839932051,60.231319869016772,177,"{""name"":""225 Maunula"",""coordinates"":""60.231319869075655,24.935048840096293"",""total_slots"":1,""free_slots"":1,""avl_bikes"":0,""operative"":true,""style"":""Station off""}",Maunula,"60.231319869075655,24.935048840096293",1,Yes,225
24.928595015347753,60.239108942223936,178,"{""name"":""226 Lepolantie"",""coordinates"":""60.23910894200569,24.92859501499382"",""total_slots"":1,""free_slots"":1,""avl_bikes"":0,""operative"":true,""style"":""Station off""}",Lepolantie,"60.23910894200569,24.92859501499382",1,Yes,226
24.952561243706498,60.224403784806896,179,"{""name"":""227 Kylävoudintie"",""coordinates"":""60.22440378465167,24.952561243589713"",""total_slots"":1,""free_slots"":1,""avl_bikes"":0,""operative"":true,""style"":""Station off""}",Kylävoudintie,"60.22440378465167,24.952561243589713",1,Yes,227
24.948389140346592,60.230391704813371,180,"{""name"":""228 Kustaankartano"",""coordinates"":""60.23039170479448,24.94838914079226"",""total_slots"":1,""free_slots"":1,""avl_bikes"":0,""operative"":true,""style"":""Station off""}",Kustaankartano,"60.23039170479448,24.94838914079226",1,Yes,228
24.958761529620972,60.232686915868555,181,"{""name"":""229 Käskynhaltijantie"",""coordinates"":""60.23268691593805,24.958761529759155"",""total_slots"":1,""free_slots"":1,""avl_bikes"":0,""operative"":true,""style"":""Station off""}",Käskynhaltijantie,"60.23268691593805,24.958761529759155",1,Yes,229
24.963550343073905,60.228925996937278,182,"{""name"":""230 Mäkitorpantie"",""coordinates"":""60.22892599719876,24.96355034325867"",""total_slots"":18,""free_slots"":14,""avl_bikes"":4,""operative"":true,""style"":""Station on""}",Mäkitorpantie,"60.22892599719876,24.96355034325867",18,Yes,230
24.965395077420965,60.233706856786057,183,"{""name"":""231 Siltavoudintie"",""coordinates"":""60.23370685633967,24.96539507775229"",""total_slots"":16,""free_slots"":8,""avl_bikes"":8,""operative"":true,""style"":""Station on""}",Siltavoudintie,"60.23370685633967,24.96539507775229",16,Yes,231
24.967608606651936,60.228698954093488,184,"{""name"":""232 Oulunkylän asema"",""coordinates"":""60.22869895434673,24.967608606305625"",""total_slots"":1,""free_slots"":1,""avl_bikes"":0,""operative"":true,""style"":""Station off""}",Oulunkylän asema,"60.22869895434673,24.967608606305625",1,Yes,232
24.972819374814321,60.224930364844511,185,"{""name"":""233 Kirkkoherrantie"",""coordinates"":""60.22493036511101,24.972819375145058"",""total_slots"":10,""free_slots"":7,""avl_bikes"":3,""operative"":true,""style"":""Station on""}",Kirkkoherrantie,"60.22493036511101,24.972819375145058",10,Yes,233
24.978138918676223,60.231784065782051,186,"{""name"":""234 Otto Brandtin tie"",""coordinates"":""60.23178406584145,24.978138919040457"",""total_slots"":1,""free_slots"":1,""avl_bikes"":0,""operative"":true,""style"":""Station off""}",Otto Brandtin tie,"60.23178406584145,24.978138919040457",1,Yes,234
24.984420077924312,60.217214807617324,187,"{""name"":""235 Katariina Saksilaisen katu"",""coordinates"":""60.217214807977534,24.984420078358692"",""total_slots"":16,""free_slots"":15,""avl_bikes"":1,""operative"":true,""style"":""Station on""}",Katariina Saksilaisen katu,"60.217214807977534,24.984420078358692",16,Yes,235
24.988600115103281,60.224212141077487,188,"{""name"":""236 Hernepellontie"",""coordinates"":""60.224212141004635,24.98860011548657"",""total_slots"":1,""free_slots"":1,""avl_bikes"":0,""operative"":true,""style"":""Station off""}",Hernepellontie,"60.224212141004635,24.98860011548657",1,Yes,236
24.998533819580132,60.230301926392826,189,"{""name"":""237 Aulangontie"",""coordinates"":""60.23030192663912,24.998533819860555"",""total_slots"":1,""free_slots"":1,""avl_bikes"":0,""operative"":true,""style"":""Station off""}",Aulangontie,"60.23030192663912,24.998533819860555",1,Yes,237
25.010313905062731,60.23457857144399,190,"{""name"":""238 Pihlajamäki"",""coordinates"":""60.234578571034135,25.010313905081038"",""total_slots"":1,""free_slots"":1,""avl_bikes"":0,""operative"":true,""style"":""Station off""}",Pihlajamäki,"60.234578571034135,25.010313905081038",1,Yes,238
25.010062060715597,60.227520671341949,191,"{""name"":""239 Viikin tiedepuisto"",""coordinates"":""60.227520671727405,25.010062061139756"",""total_slots"":28,""free_slots"":19,""avl_bikes"":9,""operative"":true,""style"":""Station on""}",Viikin tiedepuisto,"60.227520671727405,25.010062061139756",28,Yes,239
25.027618933267206,60.227495296071083,192,"{""name"":""240 Viikin normaalikoulu"",""coordinates"":""60.227495295832895,25.02761893353016"",""total_slots"":12,""free_slots"":10,""avl_bikes"":2,""operative"":true,""style"":""Station on""}",Viikin normaalikoulu,"60.227495295832895,25.02761893353016",12,Yes,240
25.032857401447984,60.234053010338187,193,"{""name"":""241 Agronominkatu"",""coordinates"":""60.2340530100318,25.032857400999006"",""total_slots"":16,""free_slots"":13,""avl_bikes"":3,""operative"":true,""style"":""Station on""}",Agronominkatu,"60.2340530100318,25.032857400999006",16,Yes,241
25.043568069810647,60.23033717891775,194,"{""name"":""242 Von Daehnin katu"",""coordinates"":""60.23033717886547,25.04356806988234"",""total_slots"":14,""free_slots"":3,""avl_bikes"":11,""operative"":true,""style"":""Station on""}",Von Daehnin katu,"60.23033717886547,25.04356806988234",14,Yes,242
24.992037109924752,60.181861778997984,195,"{""name"":""243 Mustikkamaa"",""coordinates"":""60.181861779166056,24.992037110168354"",""total_slots"":1,""free_slots"":1,""avl_bikes"":0,""operative"":true,""style"":""Station off""}",Mustikkamaa,"60.181861779166056,24.992037110168354",1,Yes,243
25.006019224107945,60.185887497909732,196,"{""name"":""244 Relanderinaukio"",""coordinates"":""60.18588749805257,25.00601922389024"",""total_slots"":1,""free_slots"":1,""avl_bikes"":0,""operative"":true,""style"":""Station off""}",Relanderinaukio,"60.18588749805257,25.00601922389024",1,Yes,244
25.006566530820805,60.188950088775641,197,"{""name"":""245 Kulosaaren metroasema"",""coordinates"":""60.188950088551046,25.006566530899704"",""total_slots"":1,""free_slots"":1,""avl_bikes"":0,""operative"":true,""style"":""Station off""}",Kulosaaren metroasema,"60.188950088551046,25.006566530899704",1,Yes,245
25.015391648206048,60.187998177074292,198,"{""name"":""246 Tupasaarentie"",""coordinates"":""60.187998177032696,25.015391648483803"",""total_slots"":1,""free_slots"":1,""avl_bikes"":0,""operative"":true,""style"":""Station off""}",Tupasaarentie,"60.187998177032696,25.015391648483803",1,Yes,246
25.020860955268915,60.168868558437282,199,"{""name"":""247 Haakoninlahdenkatu"",""coordinates"":""60.168868558353665,25.020860955309665"",""total_slots"":1,""free_slots"":1,""avl_bikes"":0,""operative"":true,""style"":""Station off""}",Haakoninlahdenkatu,"60.168868558353665,25.020860955309665",1,Yes,247
25.032968849932502,60.171980271172629,200,"{""name"":""248 Gunillantie"",""coordinates"":""60.171980271468335,25.032968849816825"",""total_slots"":1,""free_slots"":1,""avl_bikes"":0,""operative"":true,""style"":""Station off""}",Gunillantie,"60.171980271468335,25.032968849816825",1,Yes,248
25.044900705902933,60.175490322420501,201,"{""name"":""249 Isosaarentie"",""coordinates"":""60.17549032254954,25.044900705939895"",""total_slots"":1,""free_slots"":1,""avl_bikes"":0,""operative"":true,""style"":""Station off""}",Isosaarentie,"60.17549032254954,25.044900705939895",1,Yes,249
25.047496264441122,60.167730503260145,202,"{""name"":""250 Reiherintie"",""coordinates"":""60.167730503345986,25.047496264887712"",""total_slots"":1,""free_slots"":1,""avl_bikes"":0,""operative"":true,""style"":""Station off""}",Reiherintie,"60.167730503345986,25.047496264887712",1,Yes,250
25.051883705068974,60.180092136243161,203,"{""name"":""251 Laajasalon ostoskeskus"",""coordinates"":""60.18009213610057,25.05188370479307"",""total_slots"":1,""free_slots"":1,""avl_bikes"":0,""operative"":true,""style"":""Station off""}",Laajasalon ostoskeskus,"60.18009213610057,25.05188370479307",1,Yes,251
25.053037859010033,60.183743849599011,204,"{""name"":""252 Humalniementie"",""coordinates"":""60.18374384938291,25.053037859101934"",""total_slots"":1,""free_slots"":1,""avl_bikes"":0,""operative"":true,""style"":""Station off""}",Humalniementie,"60.18374384938291,25.053037859101934",1,Yes,252
25.061184170812908,60.191646879499956,205,"{""name"":""253 Tammisalon aukio"",""coordinates"":""60.19164687919301,25.06118417092495"",""total_slots"":1,""free_slots"":1,""avl_bikes"":0,""operative"":true,""style"":""Station off""}",Tammisalon aukio,"60.19164687919301,25.06118417092495",1,Yes,253
25.036412289295754,60.187234122956454,206,"{""name"":""254 Agnetankuja"",""coordinates"":""60.187234122757424,25.036412289626025"",""total_slots"":1,""free_slots"":1,""avl_bikes"":0,""operative"":true,""style"":""Station off""}",Agnetankuja,"60.187234122757424,25.036412289626025",1,Yes,254
25.031385306586685,60.187958103283904,207,"{""name"":""255 Laivalahden puistotie"",""coordinates"":""60.18795810306132,25.031385306773423"",""total_slots"":1,""free_slots"":1,""avl_bikes"":0,""operative"":true,""style"":""Station off""}",Laivalahden puistotie,"60.18795810306132,25.031385306773423",1,Yes,255
25.026065710564126,60.190210145981496,208,"{""name"":""256 Herttoniemen ranta"",""coordinates"":""60.190210145879014,25.026065710136564"",""total_slots"":1,""free_slots"":1,""avl_bikes"":0,""operative"":true,""style"":""Station off""}",Herttoniemen ranta,"60.190210145879014,25.026065710136564",1,Yes,256
25.037070035453837,60.191009581227263,209,"{""name"":""257 Margareetankuja"",""coordinates"":""60.19100958139025,25.037070035460086"",""total_slots"":1,""free_slots"":1,""avl_bikes"":0,""operative"":true,""style"":""Station off""}",Margareetankuja,"60.19100958139025,25.037070035460086",1,Yes,257
25.042580275159594,60.192707896052639,210,"{""name"":""258 Abraham Wetterin tie"",""coordinates"":""60.19270789626325,25.042580274921047"",""total_slots"":1,""free_slots"":1,""avl_bikes"":0,""operative"":true,""style"":""Station off""}",Abraham Wetterin tie,"60.19270789626325,25.042580274921047",1,Yes,258
25.031111942362315,60.193137625401164,211,"{""name"":""259 Petter Wetterin tie"",""coordinates"":""60.19313762536413,25.031111942585127"",""total_slots"":1,""free_slots"":1,""avl_bikes"":0,""operative"":true,""style"":""Station off""}",Petter Wetterin tie,"60.19313762536413,25.031111942585127",1,Yes,259
25.028872082780424,60.194614624265569,212,"{""name"":""260 Herttoniemen metroasema"",""coordinates"":""60.194614624348006,25.02887208274608"",""total_slots"":1,""free_slots"":1,""avl_bikes"":0,""operative"":true,""style"":""Station off""}",Herttoniemen metroasema,"60.194614624348006,25.02887208274608",1,Yes,260
25.042592465469966,60.199127137207654,213,"{""name"":""261 Asentajanpuisto"",""coordinates"":""60.19912713758262,25.042592465753465"",""total_slots"":1,""free_slots"":1,""avl_bikes"":0,""operative"":true,""style"":""Station off""}",Asentajanpuisto,"60.19912713758262,25.042592465753465",1,Yes,261
25.045161156762049,60.205962449707329,214,"{""name"":""262 Siilitien metroasema"",""coordinates"":""60.20596244959136,25.04516115672629"",""total_slots"":1,""free_slots"":1,""avl_bikes"":0,""operative"":true,""style"":""Station off""}",Siilitien metroasema,"60.20596244959136,25.04516115672629",1,Yes,262
25.032112127872438,60.198442950981473,215,"{""name"":""263 Herttoniemen kirkko"",""coordinates"":""60.19844295116548,25.032112127941765"",""total_slots"":1,""free_slots"":1,""avl_bikes"":0,""operative"":true,""style"":""Station off""}",Herttoniemen kirkko,"60.19844295116548,25.032112127941765",1,Yes,263
25.033597412190886,60.204561663889706,216,"{""name"":""264 Eränkävijäntori"",""coordinates"":""60.204561663649095,25.033597412211737"",""total_slots"":1,""free_slots"":1,""avl_bikes"":0,""operative"":true,""style"":""Station off""}",Eränkävijäntori,"60.204561663649095,25.033597412211737",1,Yes,264
25.037482215431965,60.209476705285795,217,"{""name"":""265 Siilitie 9"",""coordinates"":""60.20947670530612,25.037482215660486"",""total_slots"":1,""free_slots"":1,""avl_bikes"":0,""operative"":true,""style"":""Station off""}",Siilitie 9,"60.20947670530612,25.037482215660486",1,Yes,265
25.04379377895981,60.215063372076997,218,"{""name"":""266 Siilitie 13"",""coordinates"":""60.215063371665806,25.04379377901174"",""total_slots"":1,""free_slots"":1,""avl_bikes"":0,""operative"":true,""style"":""Station off""}",Siilitie 13,"60.215063371665806,25.04379377901174",1,Yes,266
25.056174087264367,60.209234600596403,219,"{""name"":""267 Roihupelto"",""coordinates"":""60.20923460018434,25.05617408732242"",""total_slots"":1,""free_slots"":1,""avl_bikes"":0,""operative"":true,""style"":""Station off""}",Roihupelto,"60.20923460018434,25.05617408732242",1,Yes,267
25.053580944305168,60.195539717284191,220,"{""name"":""268 Porolahden koulu"",""coordinates"":""60.19553971683871,25.053580944057305"",""total_slots"":1,""free_slots"":1,""avl_bikes"":0,""operative"":true,""style"":""Station off""}",Porolahden koulu,"60.19553971683871,25.053580944057305",1,Yes,268
25.058549330787059,60.198705499958919,221,"{""name"":""269 Peukaloisentie"",""coordinates"":""60.1987054995554,25.05854933123242"",""total_slots"":1,""free_slots"":1,""avl_bikes"":0,""operative"":true,""style"":""Station off""}",Peukaloisentie,"60.1987054995554,25.05854933123242",1,Yes,269
25.060046595873757,60.202072987078736,222,"{""name"":""270 Tulisuontie"",""coordinates"":""60.202072986712835,25.060046596074795"",""total_slots"":1,""free_slots"":1,""avl_bikes"":0,""operative"":true,""style"":""Station off""}",Tulisuontie,"60.202072986712835,25.060046596074795",1,Yes,270
25.060092333594355,60.206340232415869,223,"{""name"":""271 Prinsessantie"",""coordinates"":""60.206340232662725,25.060092333540833"",""total_slots"":1,""free_slots"":1,""avl_bikes"":0,""operative"":true,""style"":""Station off""}",Prinsessantie,"60.206340232662725,25.060092333540833",1,Yes,271
25.076069359913106,60.204324891280748,224,"{""name"":""272 Marjaniementie"",""coordinates"":""60.20432489166999,25.07606935994523"",""total_slots"":1,""free_slots"":1,""avl_bikes"":0,""operative"":true,""style"":""Station off""}",Marjaniementie,"60.20432489166999,25.07606935994523",1,Yes,272
25.079154814243338,60.207097461578655,225,"{""name"":""273 Kauppakartanonkuja"",""coordinates"":""60.207097461138005,25.07915481461614"",""total_slots"":1,""free_slots"":1,""avl_bikes"":0,""operative"":true,""style"":""Station off""}",Kauppakartanonkuja,"60.207097461138005,25.07915481461614",1,Yes,273
25.086782105709688,60.208997599559609,226,"{""name"":""274 Voikukantie"",""coordinates"":""60.20899759942336,25.086782105520793"",""total_slots"":1,""free_slots"":1,""avl_bikes"":0,""operative"":true,""style"":""Station off""}",Voikukantie,"60.20899759942336,25.086782105520793",1,Yes,274
25.07596801531173,60.209600665138623,227,"{""name"":""275 Itäkeskuksen metroasema"",""coordinates"":""60.20960066552812,25.07596801515546"",""total_slots"":1,""free_slots"":1,""avl_bikes"":0,""operative"":true,""style"":""Station off""}",Itäkeskuksen metroasema,"60.20960066552812,25.07596801515546",1,Yes,275
25.082322094289282,60.212494165473402,228,"{""name"":""276 Puotinharju"",""coordinates"":""60.21249416558419,25.08232209439382"",""total_slots"":1,""free_slots"":1,""avl_bikes"":0,""operative"":true,""style"":""Station off""}",Puotinharju,"60.21249416558419,25.08232209439382",1,Yes,276
25.086296157042057,60.203609557035463,229,"{""name"":""277 Marjaniemi"",""coordinates"":""60.20360955659899,25.086296156701028"",""total_slots"":1,""free_slots"":1,""avl_bikes"":0,""operative"":true,""style"":""Station off""}",Marjaniemi,"60.20360955659899,25.086296156701028",1,Yes,277
25.100426060414406,60.209059633895038,230,"{""name"":""278 Puotilantie"",""coordinates"":""60.209059633662385,25.100426060233303"",""total_slots"":1,""free_slots"":1,""avl_bikes"":0,""operative"":true,""style"":""Station off""}",Puotilantie,"60.209059633662385,25.100426060233303",1,Yes,278
25.106198742977654,60.212509908105801,231,"{""name"":""279 Puotinkylän kartano"",""coordinates"":""60.21250990784526,25.10619874297898"",""total_slots"":1,""free_slots"":1,""avl_bikes"":0,""operative"":true,""style"":""Station off""}",Puotinkylän kartano,"60.21250990784526,25.10619874297898",1,Yes,279
25.095559513161049,60.212700571574146,232,"{""name"":""280 Puotilan ostoskeskus"",""coordinates"":""60.21270057142605,25.095559512793297"",""total_slots"":1,""free_slots"":1,""avl_bikes"":0,""operative"":true,""style"":""Station off""}",Puotilan ostoskeskus,"60.21270057142605,25.095559512793297",1,Yes,280
25.091124528074545,60.214820713405231,233,"{""name"":""281 Puotilan metroasema"",""coordinates"":""60.21482071331432,25.09112452769074"",""total_slots"":1,""free_slots"":1,""avl_bikes"":0,""operative"":true,""style"":""Station off""}",Puotilan metroasema,"60.21482071331432,25.09112452769074",1,Yes,281
25.102324850311618,60.218601478575408,234,"{""name"":""282 Karhulantie"",""coordinates"":""60.218601478441435,25.10232484990167"",""total_slots"":1,""free_slots"":1,""avl_bikes"":0,""operative"":true,""style"":""Station off""}",Karhulantie,"60.218601478441435,25.10232484990167",1,Yes,282
25.077470243756807,60.219850966049307,235,"{""name"":""283 Alakiventie"",""coordinates"":""60.21985096601641,25.077470244052627"",""total_slots"":1,""free_slots"":1,""avl_bikes"":0,""operative"":true,""style"":""Station off""}",Alakiventie,"60.21985096601641,25.077470244052627",1,Yes,283
25.07539579198226,60.224086468016139,236,"{""name"":""284 Myllypuron metroasema"",""coordinates"":""60.22408646778726,25.075395792228694"",""total_slots"":1,""free_slots"":1,""avl_bikes"":0,""operative"":true,""style"":""Station off""}",Myllypuron metroasema,"60.22408646778726,25.075395792228694",1,Yes,284
25.06542183834722,60.223565196676532,237,"{""name"":""285 Orpaanporras"",""coordinates"":""60.22356519670723,25.0654218381558"",""total_slots"":1,""free_slots"":1,""avl_bikes"":0,""operative"":true,""style"":""Station off""}",Orpaanporras,"60.22356519670723,25.0654218381558",1,Yes,285
25.059103876143013,60.218251969652727,238,"{""name"":""286 Mamsellimyllynkatu"",""coordinates"":""60.21825196984328,25.05910387617357"",""total_slots"":1,""free_slots"":1,""avl_bikes"":0,""operative"":true,""style"":""Station off""}",Mamsellimyllynkatu,"60.21825196984328,25.05910387617357",1,Yes,286
24.840319000421573,60.165819999693269,239,"{""name"":""501 Hanasaari"",""coordinates"":""60.165820, 24.840319"",""total_slots"":10,""free_slots"":8,""avl_bikes"":2,""operative"":true,""style"":""Station on""}",Hanasaari,"60.165820, 24.840319",10,Yes,501
24.827467000401782,60.171524000132536,240,"{""name"":""503 Keilalahti"",""coordinates"":""60.171524, 24.827467"",""total_slots"":28,""free_slots"":22,""avl_bikes"":6,""operative"":true,""style"":""Station on""}",Keilalahti,"60.171524, 24.827467",28,Yes,503
24.805758000231549,60.168266000075903,241,"{""name"":""505 Westendinasema"",""coordinates"":""60.168266, 24.805758"",""total_slots"":16,""free_slots"":2,""avl_bikes"":14,""operative"":true,""style"":""Station on""}",Westendinasema,"60.168266, 24.805758",16,Yes,505
24.796135999876526,60.16814299979967,242,"{""name"":""507 Golfpolku"",""coordinates"":""60.168143, 24.796136"",""total_slots"":16,""free_slots"":4,""avl_bikes"":12,""operative"":true,""style"":""Station on""}",Golfpolku,"60.168143, 24.796136",16,Yes,507
24.802937999688993,60.17155099957904,243,"{""name"":""509 Revontulentie"",""coordinates"":""60.171551, 24.802938"",""total_slots"":30,""free_slots"":17,""avl_bikes"":13,""operative"":true,""style"":""Station on""}",Revontulentie,"60.171551, 24.802938",30,Yes,509
24.810688000051186,60.173423999617967,244,"{""name"":""511 Sateentie"",""coordinates"":""60.173424, 24.810688"",""total_slots"":18,""free_slots"":13,""avl_bikes"":5,""operative"":true,""style"":""Station on""}",Sateentie,"60.173424, 24.810688",18,Yes,511
24.791390000448189,60.173566999917171,245,"{""name"":""513 Hakalehto"",""coordinates"":""60.173567, 24.791390"",""total_slots"":24,""free_slots"":11,""avl_bikes"":13,""operative"":true,""style"":""Station on""}",Hakalehto,"60.173567, 24.791390",24,Yes,513
24.792559000397603,60.175768999839534,246,"{""name"":""515 Oravannahkatori"",""coordinates"":""60.175769, 24.792559"",""total_slots"":16,""free_slots"":7,""avl_bikes"":9,""operative"":true,""style"":""Station on""}",Oravannahkatori,"60.175769, 24.792559",16,Yes,515
24.802049000061345,60.175357999771904,247,"{""name"":""517 Länsituuli"",""coordinates"":""60.175358, 24.802049"",""total_slots"":24,""free_slots"":20,""avl_bikes"":4,""operative"":true,""style"":""Station on""}",Länsituuli,"60.175358, 24.802049",24,Yes,517
24.80605100025349,60.174144000445324,248,"{""name"":""518 Tuulimäki"",""coordinates"":""60.174144, 24.806051"",""total_slots"":5,""free_slots"":5,""avl_bikes"":0,""operative"":true,""style"":""Station on""}",Tuulimäki,"60.174144, 24.806051",5,Yes,518
24.805824999723995,60.176168000253085,249,"{""name"":""519 Tapionaukio"",""coordinates"":""60.176168, 24.805825"",""total_slots"":26,""free_slots"":19,""avl_bikes"":8,""operative"":true,""style"":""Station on""}",Tapionaukio,"60.176168, 24.805825",26,Yes,519
24.803942000123243,60.177588000086189,250,"{""name"":""521 Kulttuuriaukio"",""coordinates"":""60.177588, 24.803942"",""total_slots"":30,""free_slots"":24,""avl_bikes"":6,""operative"":true,""style"":""Station on""}",Kulttuuriaukio,"60.177588, 24.803942",30,Yes,521
24.797983999661881,60.17874999971275,251,"{""name"":""523 Ahertajantie"",""coordinates"":""60.178750, 24.797984"",""total_slots"":20,""free_slots"":19,""avl_bikes"":1,""operative"":true,""style"":""Station on""}",Ahertajantie,"60.178750, 24.797984",20,Yes,523
24.810973999750331,60.178702000197234,252,"{""name"":""525 Mäntyviita"",""coordinates"":""60.178702, 24.810974"",""total_slots"":10,""free_slots"":9,""avl_bikes"":1,""operative"":true,""style"":""Station on""}",Mäntyviita,"60.178702, 24.810974",10,Yes,525
24.817423000371207,60.178654999828439,253,"{""name"":""527 Otsolahti"",""coordinates"":""60.178655, 24.817423"",""total_slots"":18,""free_slots"":16,""avl_bikes"":2,""operative"":true,""style"":""Station on""}",Otsolahti,"60.178655, 24.817423",18,Yes,527
24.828950000442205,60.175233000302796,254,"{""name"":""529 Keilaniemi (M)"",""coordinates"":""60.175233, 24.828950"",""total_slots"":40,""free_slots"":31,""avl_bikes"":10,""operative"":true,""style"":""Station on""}",Keilaniemi (M),"60.175233, 24.828950",40,Yes,529
24.83513200044149,60.178762000266147,255,"{""name"":""531 Keilaranta"",""coordinates"":""60.178762, 24.835132"",""total_slots"":24,""free_slots"":21,""avl_bikes"":3,""operative"":true,""style"":""Station on""}",Keilaranta,"60.178762, 24.835132",24,Yes,531
24.831803999854742,60.180027000145969,256,"{""name"":""532 Betonimies"",""coordinates"":""60.180027, 24.831804"",""total_slots"":16,""free_slots"":4,""avl_bikes"":12,""operative"":true,""style"":""Station on""}",Betonimies,"60.180027, 24.831804",16,Yes,532
24.824746999974138,60.180806000096879,257,"{""name"":""533 Tekniikantie"",""coordinates"":""60.180806, 24.824747"",""total_slots"":18,""free_slots"":15,""avl_bikes"":3,""operative"":true,""style"":""Station on""}",Tekniikantie,"60.180806, 24.824747",18,Yes,533
24.814220000152943,60.185096000080421,258,"{""name"":""537 Innopoli"",""coordinates"":""60.185096, 24.814220"",""total_slots"":20,""free_slots"":14,""avl_bikes"":7,""operative"":true,""style"":""Station on""}",Innopoli,"60.185096, 24.814220",20,Yes,537
24.817403000348236,60.183629999924619,259,"{""name"":""538 Hagalundinpuisto"",""coordinates"":""60.183630, 24.817403"",""total_slots"":1,""free_slots"":1,""avl_bikes"":0,""operative"":true,""style"":""Station off""}",Hagalundinpuisto,"60.183630, 24.817403",1,Yes,538
24.820098999669142,60.18498699955046,260,"{""name"":""539 Aalto-yliopisto (M), Tietotie"",""coordinates"":""60.184987, 24.820099"",""total_slots"":20,""free_slots"":6,""avl_bikes"":14,""operative"":true,""style"":""Station on""}","Aalto-yliopisto (M), Tietotie","60.184987, 24.820099",20,Yes,539
24.826670999666931,60.18431199989891,261,"{""name"":""541 Aalto-yliopisto (M), Korkeakouluaukio"",""coordinates"":""60.184312, 24.826671"",""total_slots"":40,""free_slots"":15,""avl_bikes"":25,""operative"":true,""style"":""Station on""}","Aalto-yliopisto (M), Korkeakouluaukio","60.184312, 24.826671",40,Yes,541
24.837133000087931,60.184830000404247,262,"{""name"":""543 Otaranta"",""coordinates"":""60.184830, 24.837133"",""total_slots"":20,""free_slots"":5,""avl_bikes"":16,""operative"":true,""style"":""Station on""}",Otaranta,"60.184830, 24.837133",20,Yes,543
24.829984999608087,60.188498999629189,263,"{""name"":""545 Sähkömies"",""coordinates"":""60.188499, 24.829985"",""total_slots"":12,""free_slots"":5,""avl_bikes"":11,""operative"":true,""style"":""Station on""}",Sähkömies,"60.188499, 24.829985",12,Yes,545
24.835033000372732,60.188118000045733,264,"{""name"":""547 Jämeräntaival"",""coordinates"":""60.188118, 24.835033"",""total_slots"":30,""free_slots"":25,""avl_bikes"":5,""operative"":true,""style"":""Station on""}",Jämeräntaival,"60.188118, 24.835033",30,Yes,547
24.810198999983925,60.187261000095134,265,"{""name"":""549 Maarinranta"",""coordinates"":""60.187261, 24.810199"",""total_slots"":12,""free_slots"":3,""avl_bikes"":22,""operative"":true,""style"":""Station on""}",Maarinranta,"60.187261, 24.810199",12,Yes,549
24.807083000180342,60.189142999649789,266,"{""name"":""551 Tietäjä"",""coordinates"":""60.189143, 24.807083"",""total_slots"":20,""free_slots"":14,""avl_bikes"":6,""operative"":true,""style"":""Station on""}",Tietäjä,"60.189143, 24.807083",20,Yes,551
24.806152000414556,60.186730999935776,267,"{""name"":""553 Metsänneidonpolku"",""coordinates"":""60.186731, 24.806152"",""total_slots"":19,""free_slots"":13,""avl_bikes"":6,""operative"":true,""style"":""Station on""}",Metsänneidonpolku,"60.186731, 24.806152",19,Yes,553
24.804022000215184,60.184765000104733,268,"{""name"":""555 Kalevalantie"",""coordinates"":""60.184765, 24.804022"",""total_slots"":20,""free_slots"":10,""avl_bikes"":10,""operative"":true,""style"":""Station on""}",Kalevalantie,"60.184765, 24.804022",20,Yes,555
24.796959000057882,60.187150000372299,269,"{""name"":""557 Louhentori"",""coordinates"":""60.187150, 24.796959"",""total_slots"":16,""free_slots"":11,""avl_bikes"":5,""operative"":true,""style"":""Station on""}",Louhentori,"60.187150, 24.796959",16,Yes,557
24.794014000046104,60.182880000411728,270,"{""name"":""559 Pohjankulma"",""coordinates"":""60.182880, 24.794014"",""total_slots"":24,""free_slots"":6,""avl_bikes"":18,""operative"":true,""style"":""Station on""}",Pohjankulma,"60.182880, 24.794014",24,Yes,559
24.785759999824165,60.182976000342194,271,"{""name"":""561 Koivu-Mankkaa"",""coordinates"":""60.182976, 24.785760"",""total_slots"":20,""free_slots"":12,""avl_bikes"":8,""operative"":true,""style"":""Station on""}",Koivu-Mankkaa,"60.182976, 24.785760",20,Yes,561
24.780477999959771,60.18870600018181,272,"{""name"":""563 Mankkaanlaaksontie"",""coordinates"":""60.188706, 24.780478"",""total_slots"":26,""free_slots"":26,""avl_bikes"":0,""operative"":true,""style"":""Station on""}",Mankkaanlaaksontie,"60.188706, 24.780478",26,Yes,563
24.769021000418888,60.194599000343658,273,"{""name"":""565 Mankkaanaukio"",""coordinates"":""60.194599, 24.769021"",""total_slots"":20,""free_slots"":11,""avl_bikes"":10,""operative"":true,""style"":""Station on""}",Mankkaanaukio,"60.194599, 24.769021",20,Yes,565
24.784654000082071,60.177749000316169,274,"{""name"":""571 Tapiolan urheilupuisto"",""coordinates"":""60.177749,24.784654"",""total_slots"":32,""free_slots"":28,""avl_bikes"":4,""operative"":true,""style"":""Station on""}",Tapiolan urheilupuisto,"60.177749,24.784654",32,Yes,571
24.7794280001022,60.174650000397264,275,"{""name"":""573 Urheilupuisto (M)"",""coordinates"":""60.174650, 24.779428"",""total_slots"":28,""free_slots"":16,""avl_bikes"":14,""operative"":true,""style"":""Station on""}",Urheilupuisto (M),"60.174650, 24.779428",28,Yes,573
24.769666999632364,60.176107000138018,276,"{""name"":""575 Tontunmäentie"",""coordinates"":""60.176107, 24.769667"",""total_slots"":16,""free_slots"":15,""avl_bikes"":1,""operative"":true,""style"":""Station on""}",Tontunmäentie,"60.176107, 24.769667",16,Yes,575
24.76060599996697,60.180848000235073,277,"{""name"":""577 Olarinluoma"",""coordinates"":""60.180848, 24.760606"",""total_slots"":18,""free_slots"":15,""avl_bikes"":3,""operative"":true,""style"":""Station on""}",Olarinluoma,"60.180848, 24.760606",18,Yes,577
24.775912999885065,60.171126999811236,278,"{""name"":""579 Niittymaa"",""coordinates"":""60.171127, 24.775913"",""total_slots"":20,""free_slots"":12,""avl_bikes"":8,""operative"":true,""style"":""Station on""}",Niittymaa,"60.171127, 24.775913",20,Yes,579
24.763184000141564,60.170757999881857,279,"{""name"":""581 Niittykumpu (M)"",""coordinates"":""60.170758, 24.763184"",""total_slots"":32,""free_slots"":13,""avl_bikes"":19,""operative"":true,""style"":""Station on""}",Niittykumpu (M),"60.170758, 24.763184",32,Yes,581
24.77270799957455,60.166480999598491,280,"{""name"":""583 Haukilahdenkatu"",""coordinates"":""60.166481, 24.772708"",""total_slots"":16,""free_slots"":10,""avl_bikes"":7,""operative"":true,""style"":""Station on""}",Haukilahdenkatu,"60.166481, 24.772708",16,Yes,583
24.775882000254171,60.162396000075375,281,"{""name"":""585 Haukilahdenaukio"",""coordinates"":""60.162396, 24.775882"",""total_slots"":16,""free_slots"":3,""avl_bikes"":13,""operative"":true,""style"":""Station on""}",Haukilahdenaukio,"60.162396, 24.775882",16,Yes,585
24.767831000400406,60.162477000213471,282,"{""name"":""587 Hauenkallio"",""coordinates"":""60.162477, 24.767831"",""total_slots"":12,""free_slots"":7,""avl_bikes"":4,""operative"":true,""style"":""Station on""}",Hauenkallio,"60.162477, 24.767831",12,Yes,587
24.769863999723839,60.158048000115173,283,"{""name"":""589 Haukilahdenranta"",""coordinates"":""60.158048, 24.769864"",""total_slots"":16,""free_slots"":4,""avl_bikes"":14,""operative"":true,""style"":""Station on""}",Haukilahdenranta,"60.158048, 24.769864",16,Yes,589
24.77399300037672,60.154940999827318,284,"{""name"":""591 Mellstenintie"",""coordinates"":""60.154941, 24.773993"",""total_slots"":24,""free_slots"":22,""avl_bikes"":2,""operative"":true,""style"":""Station on""}",Mellstenintie,"60.154941, 24.773993",24,Yes,591
24.782536000436096,60.159600999786392,285,"{""name"":""593 Toppelundintie"",""coordinates"":""60.159601, 24.782536"",""total_slots"":12,""free_slots"":2,""avl_bikes"":12,""operative"":true,""style"":""Station on""}",Toppelundintie,"60.159601, 24.782536",12,Yes,593
24.791754000147023,60.158193999653406,286,"{""name"":""595 Westendintie"",""coordinates"":""60.158194, 24.791754"",""total_slots"":16,""free_slots"":7,""avl_bikes"":9,""operative"":true,""style"":""Station on""}",Westendintie,"60.158194, 24.791754",16,Yes,595
24.784862800178132,60.162447099554072,287,"{""name"":""596 Toppelundinportti"",""coordinates"":""60.1624471, 24.7848628"",""total_slots"":20,""free_slots"":7,""avl_bikes"":13,""operative"":true,""style"":""Station on""}",Toppelundinportti,"60.1624471, 24.7848628",20,Yes,596
24.790131999991843,60.163699999955099,288,"{""name"":""597 Linnakepolku"",""coordinates"":""60.163700, 24.790132"",""total_slots"":10,""free_slots"":6,""avl_bikes"":4,""operative"":true,""style"":""Station on""}",Linnakepolku,"60.163700, 24.790132",10,Yes,597
24.754343999875744,60.147973999600481,289,"{""name"":""601 Nokkala"",""coordinates"":""60.147974, 24.754344"",""total_slots"":18,""free_slots"":5,""avl_bikes"":14,""operative"":true,""style"":""Station on""}",Nokkala,"60.147974, 24.754344",18,Yes,601
24.754196000245258,60.151040999842337,290,"{""name"":""603 Matinlahdenranta"",""coordinates"":""60.151041, 24.754196"",""total_slots"":20,""free_slots"":16,""avl_bikes"":4,""operative"":true,""style"":""Station on""}",Matinlahdenranta,"60.151041, 24.754196",20,Yes,603
24.741545999648224,60.147920999854307,291,"{""name"":""607 Nuottaniementie"",""coordinates"":""60.147921, 24.741546"",""total_slots"":14,""free_slots"":1,""avl_bikes"":14,""operative"":true,""style"":""Station on""}",Nuottaniementie,"60.147921, 24.741546",14,Yes,607
24.74123399964941,60.152342999629809,292,"{""name"":""609 Sepetlahdentie"",""coordinates"":""60.152343, 24.741234"",""total_slots"":10,""free_slots"":2,""avl_bikes"":11,""operative"":true,""style"":""Station on""}",Sepetlahdentie,"60.152343, 24.741234",10,Yes,609
24.752488999767593,60.156258000306536,293,"{""name"":""611 Matinkartanontie"",""coordinates"":""60.156258, 24.752489"",""total_slots"":20,""free_slots"":9,""avl_bikes"":13,""operative"":true,""style"":""Station on""}",Matinkartanontie,"60.156258, 24.752489",20,Yes,611
24.744977999635012,60.155689000147277,294,"{""name"":""613 Matinkyläntie"",""coordinates"":""60.155689, 24.744978"",""total_slots"":14,""free_slots"":2,""avl_bikes"":13,""operative"":true,""style"":""Station on""}",Matinkyläntie,"60.155689, 24.744978",14,Yes,613
24.737663999593963,60.156754999843429,295,"{""name"":""615 Tiistiläntie"",""coordinates"":""60.156755, 24.737664"",""total_slots"":24,""free_slots"":15,""avl_bikes"":9,""operative"":true,""style"":""Station on""}",Tiistiläntie,"60.156755, 24.737664",24,Yes,615
24.729112000018858,60.153737000062563,296,"{""name"":""617 Tiistinkallio"",""coordinates"":""60.153737, 24.729112"",""total_slots"":12,""free_slots"":7,""avl_bikes"":5,""operative"":true,""style"":""Station on""}",Tiistinkallio,"60.153737, 24.729112",12,Yes,617
24.724834999735492,60.160645000266584,297,"{""name"":""619 Etuniementie"",""coordinates"":""60.160645, 24.724835"",""total_slots"":10,""free_slots"":6,""avl_bikes"":4,""operative"":true,""style"":""Station on""}",Etuniementie,"60.160645, 24.724835",10,Yes,619
24.756271999753039,60.161137999619029,298,"{""name"":""621 Hauenkalliontie"",""coordinates"":""60.161138, 24.756272"",""total_slots"":12,""free_slots"":11,""avl_bikes"":1,""operative"":true,""style"":""Station on""}",Hauenkalliontie,"60.161138, 24.756272",12,Yes,621
24.746630000274365,60.161587999686503,299,"{""name"":""623 Nelikkotie"",""coordinates"":""60.161588, 24.746630"",""total_slots"":16,""free_slots"":2,""avl_bikes"":14,""operative"":true,""style"":""Station on""}",Nelikkotie,"60.161588, 24.746630",16,Yes,623
24.74129399971838,60.160014999992313,300,"{""name"":""625 Suomenlahdentie"",""coordinates"":""60.160015, 24.741294"",""total_slots"":32,""free_slots"":10,""avl_bikes"":22,""operative"":true,""style"":""Station on""}",Suomenlahdentie,"60.160015, 24.741294",32,Yes,625
24.738416000098368,60.162403000398228,301,"{""name"":""627 Piispansilta"",""coordinates"":""60.162403, 24.738416"",""total_slots"":40,""free_slots"":31,""avl_bikes"":9,""operative"":true,""style"":""Station on""}",Piispansilta,"60.162403, 24.738416",40,Yes,627
24.732688000351004,60.165602999578823,302,"{""name"":""629 Piispanportti"",""coordinates"":""60.165603, 24.732688"",""total_slots"":16,""free_slots"":11,""avl_bikes"":6,""operative"":true,""style"":""Station on""}",Piispanportti,"60.165603, 24.732688",16,Yes,629
24.721366999887209,60.162841999958403,303,"{""name"":""631 Friisilänaukio"",""coordinates"":""60.162842, 24.721367"",""total_slots"":12,""free_slots"":5,""avl_bikes"":7,""operative"":true,""style"":""Station on""}",Friisilänaukio,"60.162842, 24.721367",12,Yes,631
24.724908000403957,60.16897100021157,304,"{""name"":""633 Avaruuskatu"",""coordinates"":""60.168971, 24.724908"",""total_slots"":16,""free_slots"":10,""avl_bikes"":6,""operative"":true,""style"":""Station on""}",Avaruuskatu,"60.168971, 24.724908",16,Yes,633
24.726024999753974,60.172673000058978,305,"{""name"":""635 Kuunkatu"",""coordinates"":""60.172673, 24.726025"",""total_slots"":24,""free_slots"":24,""avl_bikes"":0,""operative"":true,""style"":""Station on""}",Kuunkatu,"60.172673, 24.726025",24,Yes,635
24.729314000340878,60.174523999982682,306,"{""name"":""637 Ruomelantie"",""coordinates"":""60.174524, 24.729314"",""total_slots"":12,""free_slots"":5,""avl_bikes"":7,""operative"":true,""style"":""Station on""}",Ruomelantie,"60.174524, 24.729314",12,Yes,637
24.73812200003033,60.174913999981186,307,"{""name"":""639 Itäportti"",""coordinates"":""60.174914,24.738122"",""total_slots"":18,""free_slots"":17,""avl_bikes"":1,""operative"":true,""style"":""Station on""}",Itäportti,"60.174914,24.738122",18,Yes,639
24.735968999669637,60.167216000218275,308,"{""name"":""641 Komeetankatu"",""coordinates"":""60.167216,24.735969"",""total_slots"":16,""free_slots"":10,""avl_bikes"":6,""operative"":true,""style"":""Station on""}",Komeetankatu,"60.167216,24.735969",16,Yes,641
24.731472000032852,60.17154800034001,309,"{""name"":""643 Auringonkatu"",""coordinates"":""60.171548,24.731472"",""total_slots"":20,""free_slots"":19,""avl_bikes"":1,""operative"":true,""style"":""Station on""}",Auringonkatu,"60.171548,24.731472",20,Yes,643
24.743532000401558,60.168441000052155,310,"{""name"":""645 Piispankallio"",""coordinates"":""60.168441,24.743532"",""total_slots"":16,""free_slots"":13,""avl_bikes"":2,""operative"":true,""style"":""Station on""}",Piispankallio,"60.168441,24.743532",16,Yes,645
24.745665999886057,60.17281400026593,311,"{""name"":""647 Lystimäki"",""coordinates"":""60.172814,24.745666"",""total_slots"":12,""free_slots"":4,""avl_bikes"":8,""operative"":true,""style"":""Station on""}",Lystimäki,"60.172814,24.745666",12,Yes,647
24.752442000298117,60.174709999566858,312,"{""name"":""649 Lystimäensilta"",""coordinates"":""60.174710,24.752442"",""total_slots"":12,""free_slots"":12,""avl_bikes"":0,""operative"":true,""style"":""Station on""}",Lystimäensilta,"60.174710,24.752442",12,Yes,649
24.744131000145615,60.184596000405122,313,"{""name"":""651 Suurpellonaukio"",""coordinates"":""60.184596,24.744131"",""total_slots"":24,""free_slots"":15,""avl_bikes"":9,""operative"":true,""style"":""Station on""}",Suurpellonaukio,"60.184596,24.744131",24,Yes,651
24.742571000151599,60.187052000349581,314,"{""name"":""653 Lukutori"",""coordinates"":""60.187052,24.742571"",""total_slots"":14,""free_slots"":10,""avl_bikes"":5,""operative"":true,""style"":""Station on""}",Lukutori,"60.187052,24.742571",14,Yes,653
24.840698999958931,60.20614200025318,315,"{""name"":""701 Gallen-Kallelan tie"",""coordinates"":""60.206142,24.840699"",""total_slots"":10,""free_slots"":6,""avl_bikes"":4,""operative"":true,""style"":""Station on""}",Gallen-Kallelan tie,"60.206142,24.840699",10,Yes,701
24.823099999565386,60.203851999869926,316,"{""name"":""703 Elfvik"",""coordinates"":""60.203852, 24.823100"",""total_slots"":10,""free_slots"":7,""avl_bikes"":3,""operative"":true,""style"":""Station on""}",Elfvik,"60.203852, 24.823100",10,Yes,703
24.804929999819706,60.203891999915925,317,"{""name"":""705 Laajalahden keskus"",""coordinates"":""60.203892,24.804930"",""total_slots"":18,""free_slots"":10,""avl_bikes"":10,""operative"":true,""style"":""Station on""}",Laajalahden keskus,"60.203892,24.804930",18,Yes,705
24.824953999627439,60.210734999820431,318,"{""name"":""707 Majurinkulma"",""coordinates"":""60.210735,24.824954"",""total_slots"":24,""free_slots"":10,""avl_bikes"":14,""operative"":true,""style"":""Station on""}",Majurinkulma,"60.210735,24.824954",24,Yes,707
24.819549000386132,60.212507999744446,319,"{""name"":""709 Yhdyskunnankuja"",""coordinates"":""60.212508,24.819549"",""total_slots"":20,""free_slots"":12,""avl_bikes"":8,""operative"":true,""style"":""Station on""}",Yhdyskunnankuja,"60.212508,24.819549",20,Yes,709
24.826368000083164,60.215751000008709,320,"{""name"":""711 Kirjurinkuja"",""coordinates"":""60.215751,24.826368"",""total_slots"":24,""free_slots"":13,""avl_bikes"":11,""operative"":true,""style"":""Station on""}",Kirjurinkuja,"60.215751,24.826368",24,Yes,711
24.819395999625726,60.21606700019197,321,"{""name"":""713 Upseerinkatu"",""coordinates"":""60.216067,24.819396"",""total_slots"":30,""free_slots"":30,""avl_bikes"":0,""operative"":true,""style"":""Station on""}",Upseerinkatu,"60.216067,24.819396",30,Yes,713
24.821931999662127,60.216222000145251,322,"{""name"":""715 Komentajankatu"",""coordinates"":""60.216222,24.821932"",""total_slots"":12,""free_slots"":11,""avl_bikes"":1,""operative"":true,""style"":""Station on""}",Komentajankatu,"60.216222,24.821932",12,Yes,715
24.81157200034761,60.213442999694735,323,"{""name"":""719 Säteri"",""coordinates"":""60.213443, 24.811572"",""total_slots"":32,""free_slots"":24,""avl_bikes"":8,""operative"":true,""style"":""Station on""}",Säteri,"60.213443, 24.811572",32,Yes,719
24.805612999840093,60.214193000106945,324,"{""name"":""721 Säterinrinne"",""coordinates"":""60.214193,24.805613"",""total_slots"":16,""free_slots"":13,""avl_bikes"":3,""operative"":true,""style"":""Station on""}",Säterinrinne,"60.214193,24.805613",16,Yes,721
24.800485999928981,60.214666000335683,325,"{""name"":""723 Säterinniitty"",""coordinates"":""60.214666,24.800486"",""total_slots"":10,""free_slots"":6,""avl_bikes"":4,""operative"":true,""style"":""Station on""}",Säterinniitty,"60.214666,24.800486",10,Yes,723
24.806278999975916,60.217261000394899,326,"{""name"":""725 Rummunlyöjänkatu"",""coordinates"":""60.217261,24.806279"",""total_slots"":20,""free_slots"":18,""avl_bikes"":2,""operative"":true,""style"":""Station on""}",Rummunlyöjänkatu,"60.217261,24.806279",20,Yes,725
24.812418999837007,60.217311000002724,327,"{""name"":""727 Ratsutori"",""coordinates"":""60.217311,24.812419"",""total_slots"":32,""free_slots"":26,""avl_bikes"":6,""operative"":true,""style"":""Station on""}",Ratsutori,"60.217311,24.812419",32,Yes,727
24.813884999992808,60.218868999904487,328,"{""name"":""729 Leppävaaranaukio"",""coordinates"":""60.218869,24.813885"",""total_slots"":30,""free_slots"":22,""avl_bikes"":8,""operative"":true,""style"":""Station on""}",Leppävaaranaukio,"60.218869,24.813885",30,Yes,729
24.813437000017586,60.220253999922193,329,"{""name"":""731 Leppävaarankäytävä"",""coordinates"":""60.220254,24.813437"",""total_slots"":20,""free_slots"":0,""avl_bikes"":23,""operative"":true,""style"":""Station on""}",Leppävaarankäytävä,"60.220254,24.813437",20,Yes,731
24.813109000180248,60.22101900012683,330,"{""name"":""733 Läkkitori"",""coordinates"":""60.221019,24.813109"",""total_slots"":24,""free_slots"":11,""avl_bikes"":13,""operative"":true,""style"":""Station on""}",Läkkitori,"60.221019,24.813109",24,Yes,733
24.816382000029307,60.222182999845643,331,"{""name"":""735 Mestarinkatu"",""coordinates"":""60.222183, 24.816382"",""total_slots"":20,""free_slots"":19,""avl_bikes"":1,""operative"":true,""style"":""Station on""}",Mestarinkatu,"60.222183, 24.816382",20,Yes,735
24.812271000206522,60.223769000139328,332,"{""name"":""737 Muurarinkuja"",""coordinates"":""60.223769,24.812271"",""total_slots"":18,""free_slots"":17,""avl_bikes"":1,""operative"":true,""style"":""Station on""}",Muurarinkuja,"60.223769,24.812271",18,Yes,737
24.826395999575766,60.223827000115989,333,"{""name"":""739 Postipuun koulu"",""coordinates"":""60.223827,24.826396"",""total_slots"":16,""free_slots"":12,""avl_bikes"":4,""operative"":true,""style"":""Station on""}",Postipuun koulu,"60.223827,24.826396",16,Yes,739
24.804898000142657,60.222154000306944,334,"{""name"":""741 Gransinmäki"",""coordinates"":""60.222154,24.804898"",""total_slots"":20,""free_slots"":14,""avl_bikes"":6,""operative"":true,""style"":""Station on""}",Gransinmäki,"60.222154,24.804898",20,Yes,741
24.800970999811852,60.224943000319286,335,"{""name"":""745 Leppävaaran urheilupuisto"",""coordinates"":""60.224943,24.800971"",""total_slots"":32,""free_slots"":25,""avl_bikes"":7,""operative"":true,""style"":""Station on""}",Leppävaaran urheilupuisto,"60.224943,24.800971",32,Yes,745
24.804734999820425,60.226378999990914,336,"{""name"":""747 Leppävaaran uimahalli"",""coordinates"":""60.226379,24.804735"",""total_slots"":18,""free_slots"":6,""avl_bikes"":12,""operative"":true,""style"":""Station on""}",Leppävaaran uimahalli,"60.226379,24.804735",18,Yes,747
24.813871000246536,60.228462999867588,337,"{""name"":""749 Vallikatu"",""coordinates"":""60.228463,24.813871"",""total_slots"":24,""free_slots"":24,""avl_bikes"":0,""operative"":true,""style"":""Station on""}",Vallikatu,"60.228463,24.813871",24,Yes,749
24.819613999786327,60.227827000215939,338,"{""name"":""751 Vallipolku"",""coordinates"":""60.227827, 24.819614"",""total_slots"":20,""free_slots"":19,""avl_bikes"":1,""operative"":true,""style"":""Station on""}",Vallipolku,"60.227827, 24.819614",20,Yes,751
24.81395399957745,60.234401000305979,339,"{""name"":""753 Linnuntie"",""coordinates"":""60.234401,24.813954"",""total_slots"":24,""free_slots"":23,""avl_bikes"":1,""operative"":true,""style"":""Station on""}",Linnuntie,"60.234401,24.813954",24,Yes,753
24.824561000389906,60.230452999906049,340,"{""name"":""755 Kutsuntatie"",""coordinates"":""60.230453,24.824561"",""total_slots"":16,""free_slots"":4,""avl_bikes"":12,""operative"":true,""style"":""Station on""}",Kutsuntatie,"60.230453,24.824561",16,Yes,755
24.831396999971616,60.235088999657648,341,"{""name"":""757 Painiitty"",""coordinates"":""60.235089, 24.831397"",""total_slots"":12,""free_slots"":6,""avl_bikes"":7,""operative"":true,""style"":""Station on""}",Painiitty,"60.235089, 24.831397",12,Yes,757
24.839389999848663,60.220466999852192,342,"{""name"":""761 Mäkkylän asema"",""coordinates"":""60.220467, 24.839390"",""total_slots"":32,""free_slots"":23,""avl_bikes"":9,""operative"":true,""style"":""Station on""}",Mäkkylän asema,"60.220467, 24.839390",32,Yes,761
24.83353599968666,60.22055100012858,343,"{""name"":""763 Kalkkipellonmäki"",""coordinates"":""60.220551,24.833536"",""total_slots"":24,""free_slots"":24,""avl_bikes"":0,""operative"":true,""style"":""Station on""}",Kalkkipellonmäki,"60.220551,24.833536",24,Yes,763
24.820635000105199,60.223377000048572,344,"{""name"":""767 Ruutikatu"",""coordinates"":""60.223377, 24.820635"",""total_slots"":10,""free_slots"":10,""avl_bikes"":0,""operative"":true,""style"":""Station on""}",Ruutikatu,"60.223377, 24.820635",10,Yes,767
24.814793999643427,60.204582000259165,345,"{""name"":""769 Tiurintie"",""coordinates"":""60.204582, 24.814794"",""total_slots"":12,""free_slots"":6,""avl_bikes"":6,""operative"":true,""style"":""Station on""}",Tiurintie,"60.204582, 24.814794",12,Yes,769
